2026-05-07,03:20:27 [INFO] (app.py:app:316): Parsing config file E:\Master's Notes\2nd semester\Data Management\Data Management Assignments\Data-Management\Week_3_Individual_Tableau_Prep_Scripts_Tabpy\tabpy-env\Lib\site-packages\tabpy\tabpy_server\app\..\common\default.conf
2026-05-07,03:20:27 [DEBUG] (app.py:app:277): Parameter port set to "9004" from default value
2026-05-07,03:20:27 [DEBUG] (app.py:app:277): Parameter server_version set to "2.13.0" from default value
2026-05-07,03:20:27 [DEBUG] (app.py:app:277): Parameter evaluate_enabled set to "True" from default value
2026-05-07,03:20:27 [DEBUG] (app.py:app:277): Parameter evaluate_timeout set to "30" from default value
2026-05-07,03:20:27 [DEBUG] (app.py:app:277): Parameter upload_dir set to "E:\Master's Notes\2nd semester\Data Management\Data Management Assignments\Data-Management\Week_3_Individual_Tableau_Prep_Scripts_Tabpy\tabpy-env\Lib\site-packages\tabpy\tmp\query_objects" from default value
2026-05-07,03:20:28 [DEBUG] (app.py:app:277): Parameter transfer_protocol set to "http" from default value
2026-05-07,03:20:28 [DEBUG] (app.py:app:284): Parameter certificate_file is not set
2026-05-07,03:20:28 [DEBUG] (app.py:app:284): Parameter key_file is not set
2026-05-07,03:20:28 [DEBUG] (app.py:app:277): Parameter minimum_tls_version set to "TLSv1_2" from default value
2026-05-07,03:20:28 [DEBUG] (app.py:app:277): Parameter state_file_path set to "E:\Master's Notes\2nd semester\Data Management\Data Management Assignments\Data-Management\Week_3_Individual_Tableau_Prep_Scripts_Tabpy\tabpy-env\Lib\site-packages\tabpy\tabpy_server" from default value
2026-05-07,03:20:28 [DEBUG] (app.py:app:277): Parameter static_path set to "E:\Master's Notes\2nd semester\Data Management\Data Management Assignments\Data-Management\Week_3_Individual_Tableau_Prep_Scripts_Tabpy\tabpy-env\Lib\site-packages\tabpy\tabpy_server\static" from default value
2026-05-07,03:20:28 [DEBUG] (app.py:app:284): Parameter TABPY_PWD_FILE is not set
2026-05-07,03:20:28 [DEBUG] (app.py:app:277): Parameter log_request_context set to "false" from default value
2026-05-07,03:20:28 [DEBUG] (app.py:app:277): Parameter max_request_size_in_mb set to "100" from default value
2026-05-07,03:20:28 [DEBUG] (app.py:app:277): Parameter gzip_enabled set to "True" from default value
2026-05-07,03:20:28 [DEBUG] (app.py:app:277): Parameter arrow_enabled set to "False" from default value
2026-05-07,03:20:28 [DEBUG] (app.py:app:277): Parameter arrowflight_port set to "13622" from default value
2026-05-07,03:20:28 [INFO] (app.py:app:381): Setting max request size to 104857600 bytes
2026-05-07,03:20:28 [DEBUG] (app.py:app:539): File E:\Master's Notes\2nd semester\Data Management\Data Management Assignments\Data-Management\Week_3_Individual_Tableau_Prep_Scripts_Tabpy\tabpy-env\Lib\site-packages\tabpy\tabpy_server\state.ini not found, creating from template E:\Master's Notes\2nd semester\Data Management\Data Management Assignments\Data-Management\Week_3_Individual_Tableau_Prep_Scripts_Tabpy\tabpy-env\Lib\site-packages\tabpy\tabpy_server\state.ini.template...
2026-05-07,03:20:28 [INFO] (app.py:app:545): Loading state from state file E:\Master's Notes\2nd semester\Data Management\Data Management Assignments\Data-Management\Week_3_Individual_Tableau_Prep_Scripts_Tabpy\tabpy-env\Lib\site-packages\tabpy\tabpy_server\state.ini
2026-05-07,03:20:28 [DEBUG] (app.py:app:397): Static pages folder set to "E:\Master's Notes\2nd semester\Data Management\Data Management Assignments\Data-Management\Week_3_Individual_Tableau_Prep_Scripts_Tabpy\tabpy-env\Lib\site-packages\tabpy\tabpy_server\static"
2026-05-07,03:20:31 [INFO] (app.py:app:510): Password file is not specified: Authentication is not enabled
2026-05-07,03:20:31 [INFO] (app.py:app:429): Call context logging is disabled
2026-05-07,03:20:31 [INFO] (app.py:app:197): Initializing TabPy...
2026-05-07,03:20:31 [DEBUG] (proactor_events.py:proactor_events:631): Using proactor: IocpProactor
2026-05-07,03:20:31 [INFO] (callbacks.py:callbacks:43): Initializing TabPy Server...
2026-05-07,03:20:31 [DEBUG] (state.py:state:628): Loading option 'None' from section [Query Objects Service Versions]...
2026-05-07,03:20:31 [DEBUG] (state.py:state:650): Returning value '[]'
2026-05-07,03:20:31 [DEBUG] (state.py:state:148): Collected endpoints: {}
2026-05-07,03:20:31 [INFO] (app.py:app:201): Done initializing TabPy.
2026-05-07,03:20:31 [DEBUG] (selector_events.py:selector_events:64): Using selector: SelectSelector
2026-05-07,03:20:31 [INFO] (callbacks.py:callbacks:64): Initializing models...
2026-05-07,03:20:31 [DEBUG] (state.py:state:628): Loading option 'None' from section [Query Objects Service Versions]...
2026-05-07,03:20:31 [DEBUG] (state.py:state:650): Returning value '[]'
2026-05-07,03:20:31 [DEBUG] (state.py:state:148): Collected endpoints: {}
2026-05-07,03:20:31 [INFO] (app.py:app:167): Web service listening on port 9004
2026-05-07,03:20:42 [DEBUG] (base_handler.py:base_handler:115): Checking if need to handle authentication
2026-05-07,03:20:42 [DEBUG] (base_handler.py:base_handler:115): Handling authentication
2026-05-07,03:20:42 [INFO] (base_handler.py:base_handler:115): Authentication is not a required feature for API "v1"
2026-05-07,03:20:42 [DEBUG] (base_handler.py:base_handler:115): Checking request headers for authentication data
2026-05-07,03:20:42 [INFO] (base_handler.py:base_handler:115): Authorization header not found
2026-05-07,03:20:42 [DEBUG] (base_handler.py:base_handler:115): authentication not required, username and password are none
2026-05-07,03:20:42 [DEBUG] (state.py:state:526): Collecting Access-Control-Allow-Origin from state file ...
2026-05-07,03:20:42 [DEBUG] (state.py:state:628): Loading option 'Access-Control-Allow-Origin' from section [Service Info]...
2026-05-07,03:20:42 [DEBUG] (state.py:state:650): Returning value ''
2026-05-07,03:20:42 [DEBUG] (state.py:state:628): Loading option 'Access-Control-Allow-Headers' from section [Service Info]...
2026-05-07,03:20:42 [DEBUG] (state.py:state:650): Returning value ''
2026-05-07,03:20:42 [DEBUG] (state.py:state:628): Loading option 'Access-Control-Allow-Methods' from section [Service Info]...
2026-05-07,03:20:42 [DEBUG] (state.py:state:650): Returning value ''
2026-05-07,03:20:42 [DEBUG] (base_handler.py:base_handler:115): Processing POST request...
2026-05-07,03:20:42 [INFO] (base_handler.py:base_handler:115): function to evaluate=def _user_script(tabpy, _arg1):
 import pandas as pd
 def get_output_schema():
 	return 'a78715c4-973c-4d05-bba8-b0b3709c1293'
 def prep_string():
 	return ['prep_string_type']
 def prep_bool():
 	return ['prep_bool_type']
 def prep_int():
 	return ['prep_int_type']
 def prep_decimal():
     return ['prep_decimal_type']
 def prep_date():
 	return ['prep_date_type']
 def prep_datetime():
 	return ['prep_datetime_type']
 import pandas as pd
 
 
 def get_output_schema():
     return pd.DataFrame({
         'Employee_ID':                    prep_string(),
         'Employee_Name':                  prep_string(),
         'Department':                     prep_string(),
         'Age':                            prep_int(),
         'Salary':                         prep_int(),
         'Hire_Date':                      prep_string(),
         'City':                           prep_string(),
         'Average_Salary_All_Employees':   prep_decimal(),
         'Oldest_Employee_Name':           prep_string(),
         'Oldest_Employee_Department':     prep_string()
     })
 
 
 def filter_and_enrich(df):
     # Step 1: Compute metrics across ALL employees BEFORE filtering
     avg_salary = df['Salary'].mean()
     oldest_row = df.loc[df['Age'].idxmax()]
     oldest_name = oldest_row['Employee_Name']
     oldest_dept = oldest_row['Department']
 
     # Step 2: Add new columns
     df['Average_Salary_All_Employees'] = avg_salary
     df['Oldest_Employee_Name'] = oldest_name
     df['Oldest_Employee_Department'] = oldest_dept
 
     # Step 3: Filter to IT department only
     it_df = df[df['Department'] == 'IT'].copy()
 
     # Step 4: Force column order explicitly
     it_df = it_df[['Employee_ID', 'Employee_Name', 'Department', 'Age', 'Salary',
                    'Hire_Date', 'City',
                    'Average_Salary_All_Employees',
                    'Oldest_Employee_Name',
                    'Oldest_Employee_Department']]
 
     return it_df
 
 
 # Run it (for testing outside Tableau Prep)
 if __name__ == '__main__':
     df = pd.read_csv('employee_tableau_prep_python_sample.csv')
     result = filter_and_enrich(df)
 
     print("=== IT Department Employees ===")
     print(result[['Employee_Name', 'Department', 'Age', 'Salary',
                   'Average_Salary_All_Employees',
                   'Oldest_Employee_Name',
                   'Oldest_Employee_Department']].to_string(index=False))
 def get_output_schema_6fdead12c033435b923f5cd1b1ec67aa(df = pd.DataFrame()):
     import inspect
     if len(inspect.getfullargspec(get_output_schema).args) == 0:
         return get_output_schema()
     else:
         return get_output_schema(df)
 result_schema_output = get_output_schema_6fdead12c033435b923f5cd1b1ec67aa(pd.DataFrame(_arg1))
 return result_schema_output.to_dict(orient='split') if isinstance(result_schema_output, pd.DataFrame) else result_schema_output

2026-05-07,03:20:42 [INFO] (web.py:web:2439): 200 POST /evaluate (127.0.0.1) 15.71ms
2026-05-07,03:20:42 [DEBUG] (base_handler.py:base_handler:115): Checking if need to handle authentication
2026-05-07,03:20:42 [DEBUG] (base_handler.py:base_handler:115): Handling authentication
2026-05-07,03:20:42 [INFO] (base_handler.py:base_handler:115): Authentication is not a required feature for API "v1"
2026-05-07,03:20:42 [DEBUG] (base_handler.py:base_handler:115): Checking request headers for authentication data
2026-05-07,03:20:42 [INFO] (base_handler.py:base_handler:115): Authorization header not found
2026-05-07,03:20:42 [DEBUG] (base_handler.py:base_handler:115): authentication not required, username and password are none
2026-05-07,03:20:42 [DEBUG] (state.py:state:526): Collecting Access-Control-Allow-Origin from state file ...
2026-05-07,03:20:42 [DEBUG] (state.py:state:628): Loading option 'Access-Control-Allow-Origin' from section [Service Info]...
2026-05-07,03:20:42 [DEBUG] (state.py:state:650): Returning value ''
2026-05-07,03:20:42 [DEBUG] (state.py:state:628): Loading option 'Access-Control-Allow-Headers' from section [Service Info]...
2026-05-07,03:20:42 [DEBUG] (state.py:state:650): Returning value ''
2026-05-07,03:20:42 [DEBUG] (state.py:state:628): Loading option 'Access-Control-Allow-Methods' from section [Service Info]...
2026-05-07,03:20:42 [DEBUG] (state.py:state:650): Returning value ''
2026-05-07,03:20:42 [DEBUG] (base_handler.py:base_handler:115): Processing POST request...
2026-05-07,03:20:42 [INFO] (base_handler.py:base_handler:115): function to evaluate=def _user_script(tabpy, _arg1):
 import pandas as pd
 def get_output_schema():
 	return 'a78715c4-973c-4d05-bba8-b0b3709c1293'
 def prep_string():
 	return ['prep_string_type']
 def prep_bool():
 	return ['prep_bool_type']
 def prep_int():
 	return ['prep_int_type']
 def prep_decimal():
     return ['prep_decimal_type']
 def prep_date():
 	return ['prep_date_type']
 def prep_datetime():
 	return ['prep_datetime_type']
 import pandas as pd
 
 
 def get_output_schema():
     return pd.DataFrame({
         'Employee_ID':                    prep_string(),
         'Employee_Name':                  prep_string(),
         'Department':                     prep_string(),
         'Age':                            prep_int(),
         'Salary':                         prep_int(),
         'Hire_Date':                      prep_string(),
         'City':                           prep_string(),
         'Average_Salary_All_Employees':   prep_decimal(),
         'Oldest_Employee_Name':           prep_string(),
         'Oldest_Employee_Department':     prep_string()
     })
 
 
 def filter_and_enrich(df):
     # Step 1: Compute metrics across ALL employees BEFORE filtering
     avg_salary = df['Salary'].mean()
     oldest_row = df.loc[df['Age'].idxmax()]
     oldest_name = oldest_row['Employee_Name']
     oldest_dept = oldest_row['Department']
 
     # Step 2: Add new columns
     df['Average_Salary_All_Employees'] = avg_salary
     df['Oldest_Employee_Name'] = oldest_name
     df['Oldest_Employee_Department'] = oldest_dept
 
     # Step 3: Filter to IT department only
     it_df = df[df['Department'] == 'IT'].copy()
 
     # Step 4: Force column order explicitly
     it_df = it_df[['Employee_ID', 'Employee_Name', 'Department', 'Age', 'Salary',
                    'Hire_Date', 'City',
                    'Average_Salary_All_Employees',
                    'Oldest_Employee_Name',
                    'Oldest_Employee_Department']]
 
     return it_df
 
 
 # Run it (for testing outside Tableau Prep)
 if __name__ == '__main__':
     df = pd.read_csv('employee_tableau_prep_python_sample.csv')
     result = filter_and_enrich(df)
 
     print("=== IT Department Employees ===")
     print(result[['Employee_Name', 'Department', 'Age', 'Salary',
                   'Average_Salary_All_Employees',
                   'Oldest_Employee_Name',
                   'Oldest_Employee_Department']].to_string(index=False))
 def get_output_schema_6fdead12c033435b923f5cd1b1ec67aa(df = pd.DataFrame()):
     import inspect
     if len(inspect.getfullargspec(get_output_schema).args) == 0:
         return get_output_schema()
     else:
         return get_output_schema(df)
 result_schema_output = get_output_schema_6fdead12c033435b923f5cd1b1ec67aa(pd.DataFrame(_arg1))
 return result_schema_output.to_dict(orient='split') if isinstance(result_schema_output, pd.DataFrame) else result_schema_output

2026-05-07,03:20:42 [DEBUG] (base_handler.py:base_handler:115): Checking if need to handle authentication
2026-05-07,03:20:42 [DEBUG] (base_handler.py:base_handler:115): Handling authentication
2026-05-07,03:20:42 [INFO] (base_handler.py:base_handler:115): Authentication is not a required feature for API "v1"
2026-05-07,03:20:42 [DEBUG] (base_handler.py:base_handler:115): Checking request headers for authentication data
2026-05-07,03:20:42 [INFO] (base_handler.py:base_handler:115): Authorization header not found
2026-05-07,03:20:42 [DEBUG] (base_handler.py:base_handler:115): authentication not required, username and password are none
2026-05-07,03:20:42 [DEBUG] (state.py:state:526): Collecting Access-Control-Allow-Origin from state file ...
2026-05-07,03:20:42 [DEBUG] (state.py:state:628): Loading option 'Access-Control-Allow-Origin' from section [Service Info]...
2026-05-07,03:20:42 [DEBUG] (state.py:state:650): Returning value ''
2026-05-07,03:20:42 [DEBUG] (state.py:state:628): Loading option 'Access-Control-Allow-Headers' from section [Service Info]...
2026-05-07,03:20:42 [DEBUG] (state.py:state:650): Returning value ''
2026-05-07,03:20:42 [DEBUG] (state.py:state:628): Loading option 'Access-Control-Allow-Methods' from section [Service Info]...
2026-05-07,03:20:42 [DEBUG] (state.py:state:650): Returning value ''
2026-05-07,03:20:42 [DEBUG] (base_handler.py:base_handler:115): Processing POST request...
2026-05-07,03:20:42 [INFO] (base_handler.py:base_handler:115): function to evaluate=def _user_script(tabpy, _arg1):
 import pandas as pd
 def get_output_schema():
 	return 'a78715c4-973c-4d05-bba8-b0b3709c1293'
 def prep_string():
 	return ['prep_string_type']
 def prep_bool():
 	return ['prep_bool_type']
 def prep_int():
 	return ['prep_int_type']
 def prep_decimal():
     return ['prep_decimal_type']
 def prep_date():
 	return ['prep_date_type']
 def prep_datetime():
 	return ['prep_datetime_type']
 import pandas as pd
 
 
 def get_output_schema():
     return pd.DataFrame({
         'Employee_ID':                    prep_string(),
         'Employee_Name':                  prep_string(),
         'Department':                     prep_string(),
         'Age':                            prep_int(),
         'Salary':                         prep_int(),
         'Hire_Date':                      prep_string(),
         'City':                           prep_string(),
         'Average_Salary_All_Employees':   prep_decimal(),
         'Oldest_Employee_Name':           prep_string(),
         'Oldest_Employee_Department':     prep_string()
     })
 
 
 def filter_and_enrich(df):
     # Step 1: Compute metrics across ALL employees BEFORE filtering
     avg_salary = df['Salary'].mean()
     oldest_row = df.loc[df['Age'].idxmax()]
     oldest_name = oldest_row['Employee_Name']
     oldest_dept = oldest_row['Department']
 
     # Step 2: Add new columns
     df['Average_Salary_All_Employees'] = avg_salary
     df['Oldest_Employee_Name'] = oldest_name
     df['Oldest_Employee_Department'] = oldest_dept
 
     # Step 3: Filter to IT department only
     it_df = df[df['Department'] == 'IT'].copy()
 
     # Step 4: Force column order explicitly
     it_df = it_df[['Employee_ID', 'Employee_Name', 'Department', 'Age', 'Salary',
                    'Hire_Date', 'City',
                    'Average_Salary_All_Employees',
                    'Oldest_Employee_Name',
                    'Oldest_Employee_Department']]
 
     return it_df
 
 
 # Run it (for testing outside Tableau Prep)
 if __name__ == '__main__':
     df = pd.read_csv('employee_tableau_prep_python_sample.csv')
     result = filter_and_enrich(df)
 
     print("=== IT Department Employees ===")
     print(result[['Employee_Name', 'Department', 'Age', 'Salary',
                   'Average_Salary_All_Employees',
                   'Oldest_Employee_Name',
                   'Oldest_Employee_Department']].to_string(index=False))
 def get_output_schema_6fdead12c033435b923f5cd1b1ec67aa(df = pd.DataFrame()):
     import inspect
     if len(inspect.getfullargspec(get_output_schema).args) == 0:
         return get_output_schema()
     else:
         return get_output_schema(df)
 result_schema_output = get_output_schema_6fdead12c033435b923f5cd1b1ec67aa(pd.DataFrame(_arg1))
 return result_schema_output.to_dict(orient='split') if isinstance(result_schema_output, pd.DataFrame) else result_schema_output

2026-05-07,03:20:42 [INFO] (web.py:web:2439): 200 POST /evaluate (127.0.0.1) 14.80ms
2026-05-07,03:20:42 [INFO] (web.py:web:2439): 200 POST /evaluate (127.0.0.1) 12.60ms
2026-05-07,03:20:42 [DEBUG] (base_handler.py:base_handler:115): Checking if need to handle authentication
2026-05-07,03:20:42 [DEBUG] (base_handler.py:base_handler:115): Handling authentication
2026-05-07,03:20:42 [INFO] (base_handler.py:base_handler:115): Authentication is not a required feature for API "v1"
2026-05-07,03:20:42 [DEBUG] (base_handler.py:base_handler:115): Checking request headers for authentication data
2026-05-07,03:20:42 [INFO] (base_handler.py:base_handler:115): Authorization header not found
2026-05-07,03:20:42 [DEBUG] (base_handler.py:base_handler:115): authentication not required, username and password are none
2026-05-07,03:20:42 [DEBUG] (state.py:state:526): Collecting Access-Control-Allow-Origin from state file ...
2026-05-07,03:20:42 [DEBUG] (state.py:state:628): Loading option 'Access-Control-Allow-Origin' from section [Service Info]...
2026-05-07,03:20:42 [DEBUG] (state.py:state:650): Returning value ''
2026-05-07,03:20:42 [DEBUG] (state.py:state:628): Loading option 'Access-Control-Allow-Headers' from section [Service Info]...
2026-05-07,03:20:42 [DEBUG] (state.py:state:650): Returning value ''
2026-05-07,03:20:42 [DEBUG] (state.py:state:628): Loading option 'Access-Control-Allow-Methods' from section [Service Info]...
2026-05-07,03:20:42 [DEBUG] (state.py:state:650): Returning value ''
2026-05-07,03:20:42 [DEBUG] (base_handler.py:base_handler:115): Processing POST request...
2026-05-07,03:20:42 [INFO] (base_handler.py:base_handler:115): function to evaluate=def _user_script(tabpy, _arg1):
 import pandas as pd
 def get_output_schema():
 	return 'a78715c4-973c-4d05-bba8-b0b3709c1293'
 def prep_string():
 	return ['prep_string_type']
 def prep_bool():
 	return ['prep_bool_type']
 def prep_int():
 	return ['prep_int_type']
 def prep_decimal():
     return ['prep_decimal_type']
 def prep_date():
 	return ['prep_date_type']
 def prep_datetime():
 	return ['prep_datetime_type']
 import pandas as pd
 
 
 def get_output_schema():
     return pd.DataFrame({
         'Employee_ID':                    prep_string(),
         'Employee_Name':                  prep_string(),
         'Department':                     prep_string(),
         'Age':                            prep_int(),
         'Salary':                         prep_int(),
         'Hire_Date':                      prep_string(),
         'City':                           prep_string(),
         'Average_Salary_All_Employees':   prep_decimal(),
         'Oldest_Employee_Name':           prep_string(),
         'Oldest_Employee_Department':     prep_string()
     })
 
 
 def filter_and_enrich(df):
     # Step 1: Compute metrics across ALL employees BEFORE filtering
     avg_salary = df['Salary'].mean()
     oldest_row = df.loc[df['Age'].idxmax()]
     oldest_name = oldest_row['Employee_Name']
     oldest_dept = oldest_row['Department']
 
     # Step 2: Add new columns
     df['Average_Salary_All_Employees'] = avg_salary
     df['Oldest_Employee_Name'] = oldest_name
     df['Oldest_Employee_Department'] = oldest_dept
 
     # Step 3: Filter to IT department only
     it_df = df[df['Department'] == 'IT'].copy()
 
     # Step 4: Force column order explicitly
     it_df = it_df[['Employee_ID', 'Employee_Name', 'Department', 'Age', 'Salary',
                    'Hire_Date', 'City',
                    'Average_Salary_All_Employees',
                    'Oldest_Employee_Name',
                    'Oldest_Employee_Department']]
 
     return it_df
 
 
 # Run it (for testing outside Tableau Prep)
 if __name__ == '__main__':
     df = pd.read_csv('employee_tableau_prep_python_sample.csv')
     result = filter_and_enrich(df)
 
     print("=== IT Department Employees ===")
     print(result[['Employee_Name', 'Department', 'Age', 'Salary',
                   'Average_Salary_All_Employees',
                   'Oldest_Employee_Name',
                   'Oldest_Employee_Department']].to_string(index=False))
 def get_output_schema_6fdead12c033435b923f5cd1b1ec67aa(df = pd.DataFrame()):
     import inspect
     if len(inspect.getfullargspec(get_output_schema).args) == 0:
         return get_output_schema()
     else:
         return get_output_schema(df)
 result_schema_output = get_output_schema_6fdead12c033435b923f5cd1b1ec67aa(pd.DataFrame(_arg1))
 return result_schema_output.to_dict(orient='split') if isinstance(result_schema_output, pd.DataFrame) else result_schema_output

2026-05-07,03:20:42 [INFO] (web.py:web:2439): 200 POST /evaluate (127.0.0.1) 5.27ms
2026-05-07,03:20:42 [DEBUG] (base_handler.py:base_handler:115): Checking if need to handle authentication
2026-05-07,03:20:42 [DEBUG] (base_handler.py:base_handler:115): Handling authentication
2026-05-07,03:20:42 [INFO] (base_handler.py:base_handler:115): Authentication is not a required feature for API "v1"
2026-05-07,03:20:42 [DEBUG] (base_handler.py:base_handler:115): Checking request headers for authentication data
2026-05-07,03:20:42 [INFO] (base_handler.py:base_handler:115): Authorization header not found
2026-05-07,03:20:42 [DEBUG] (base_handler.py:base_handler:115): authentication not required, username and password are none
2026-05-07,03:20:42 [DEBUG] (state.py:state:526): Collecting Access-Control-Allow-Origin from state file ...
2026-05-07,03:20:42 [DEBUG] (state.py:state:628): Loading option 'Access-Control-Allow-Origin' from section [Service Info]...
2026-05-07,03:20:42 [DEBUG] (state.py:state:650): Returning value ''
2026-05-07,03:20:42 [DEBUG] (state.py:state:628): Loading option 'Access-Control-Allow-Headers' from section [Service Info]...
2026-05-07,03:20:42 [DEBUG] (state.py:state:650): Returning value ''
2026-05-07,03:20:42 [DEBUG] (state.py:state:628): Loading option 'Access-Control-Allow-Methods' from section [Service Info]...
2026-05-07,03:20:42 [DEBUG] (state.py:state:650): Returning value ''
2026-05-07,03:20:42 [DEBUG] (base_handler.py:base_handler:115): Processing POST request...
2026-05-07,03:20:42 [INFO] (base_handler.py:base_handler:115): function to evaluate=def _user_script(tabpy, _arg1):
 import pandas as pd
 import pandas as pd
 
 
 def get_output_schema():
     return pd.DataFrame({
         'Employee_ID':                    prep_string(),
         'Employee_Name':                  prep_string(),
         'Department':                     prep_string(),
         'Age':                            prep_int(),
         'Salary':                         prep_int(),
         'Hire_Date':                      prep_string(),
         'City':                           prep_string(),
         'Average_Salary_All_Employees':   prep_decimal(),
         'Oldest_Employee_Name':           prep_string(),
         'Oldest_Employee_Department':     prep_string()
     })
 
 
 def filter_and_enrich(df):
     # Step 1: Compute metrics across ALL employees BEFORE filtering
     avg_salary = df['Salary'].mean()
     oldest_row = df.loc[df['Age'].idxmax()]
     oldest_name = oldest_row['Employee_Name']
     oldest_dept = oldest_row['Department']
 
     # Step 2: Add new columns
     df['Average_Salary_All_Employees'] = avg_salary
     df['Oldest_Employee_Name'] = oldest_name
     df['Oldest_Employee_Department'] = oldest_dept
 
     # Step 3: Filter to IT department only
     it_df = df[df['Department'] == 'IT'].copy()
 
     # Step 4: Force column order explicitly
     it_df = it_df[['Employee_ID', 'Employee_Name', 'Department', 'Age', 'Salary',
                    'Hire_Date', 'City',
                    'Average_Salary_All_Employees',
                    'Oldest_Employee_Name',
                    'Oldest_Employee_Department']]
 
     return it_df
 
 
 # Run it (for testing outside Tableau Prep)
 if __name__ == '__main__':
     df = pd.read_csv('employee_tableau_prep_python_sample.csv')
     result = filter_and_enrich(df)
 
     print("=== IT Department Employees ===")
     print(result[['Employee_Name', 'Department', 'Age', 'Salary',
                   'Average_Salary_All_Employees',
                   'Oldest_Employee_Name',
                   'Oldest_Employee_Department']].to_string(index=False))
 execution_result = filter_and_enrich(pd.DataFrame(_arg1))
 return execution_result.to_dict(orient='list') if isinstance(execution_result, pd.DataFrame) else execution_result

2026-05-07,03:20:42 [INFO] (web.py:web:2439): 200 POST /evaluate (127.0.0.1) 8.39ms
2026-05-07,03:20:50 [DEBUG] (base_handler.py:base_handler:115): Checking if need to handle authentication
2026-05-07,03:20:50 [DEBUG] (base_handler.py:base_handler:115): Handling authentication
2026-05-07,03:20:50 [INFO] (base_handler.py:base_handler:115): Authentication is not a required feature for API "v1"
2026-05-07,03:20:50 [DEBUG] (base_handler.py:base_handler:115): Checking request headers for authentication data
2026-05-07,03:20:50 [INFO] (base_handler.py:base_handler:115): Authorization header not found
2026-05-07,03:20:50 [DEBUG] (base_handler.py:base_handler:115): authentication not required, username and password are none
2026-05-07,03:20:50 [DEBUG] (state.py:state:526): Collecting Access-Control-Allow-Origin from state file ...
2026-05-07,03:20:50 [DEBUG] (state.py:state:628): Loading option 'Access-Control-Allow-Origin' from section [Service Info]...
2026-05-07,03:20:50 [DEBUG] (state.py:state:650): Returning value ''
2026-05-07,03:20:50 [DEBUG] (state.py:state:628): Loading option 'Access-Control-Allow-Headers' from section [Service Info]...
2026-05-07,03:20:50 [DEBUG] (state.py:state:650): Returning value ''
2026-05-07,03:20:50 [DEBUG] (state.py:state:628): Loading option 'Access-Control-Allow-Methods' from section [Service Info]...
2026-05-07,03:20:50 [DEBUG] (state.py:state:650): Returning value ''
2026-05-07,03:20:50 [DEBUG] (base_handler.py:base_handler:115): Processing POST request...
2026-05-07,03:20:50 [INFO] (base_handler.py:base_handler:115): function to evaluate=def _user_script(tabpy, _arg1):
 import pandas as pd
 def get_output_schema():
 	return 'a78715c4-973c-4d05-bba8-b0b3709c1293'
 def prep_string():
 	return ['prep_string_type']
 def prep_bool():
 	return ['prep_bool_type']
 def prep_int():
 	return ['prep_int_type']
 def prep_decimal():
     return ['prep_decimal_type']
 def prep_date():
 	return ['prep_date_type']
 def prep_datetime():
 	return ['prep_datetime_type']
 import pandas as pd
 
 
 def get_output_schema():
     return pd.DataFrame({
         'Employee_ID':                    prep_string(),
         'Employee_Name':                  prep_string(),
         'Department':                     prep_string(),
         'Age':                            prep_int(),
         'Salary':                         prep_int(),
         'Hire_Date':                      prep_string(),
         'City':                           prep_string(),
         'Average_Salary_All_Employees':   prep_decimal(),
         'Oldest_Employee_Name':           prep_string(),
         'Oldest_Employee_Department':     prep_string()
     })
 
 
 def filter_and_enrich(df):
     # Step 1: Compute metrics across ALL employees BEFORE filtering
     avg_salary = df['Salary'].mean()
     oldest_row = df.loc[df['Age'].idxmax()]
     oldest_name = oldest_row['Employee_Name']
     oldest_dept = oldest_row['Department']
 
     # Step 2: Add new columns
     df['Average_Salary_All_Employees'] = avg_salary
     df['Oldest_Employee_Name'] = oldest_name
     df['Oldest_Employee_Department'] = oldest_dept
 
     # Step 3: Filter to IT department only
     it_df = df[df['Department'] == 'IT'].copy()
 
     # Step 4: Force column order explicitly
     it_df = it_df[['Employee_ID', 'Employee_Name', 'Department', 'Age', 'Salary',
                    'Hire_Date', 'City',
                    'Average_Salary_All_Employees',
                    'Oldest_Employee_Name',
                    'Oldest_Employee_Department']]
 
     return it_df
 
 
 # Run it (for testing outside Tableau Prep)
 if __name__ == '__main__':
     df = pd.read_csv('employee_tableau_prep_python_sample.csv')
     result = filter_and_enrich(df)
 
     print("=== IT Department Employees ===")
     print(result[['Employee_Name', 'Department', 'Age', 'Salary',
                   'Average_Salary_All_Employees',
                   'Oldest_Employee_Name',
                   'Oldest_Employee_Department']].to_string(index=False))
 def get_output_schema_6fdead12c033435b923f5cd1b1ec67aa(df = pd.DataFrame()):
     import inspect
     if len(inspect.getfullargspec(get_output_schema).args) == 0:
         return get_output_schema()
     else:
         return get_output_schema(df)
 result_schema_output = get_output_schema_6fdead12c033435b923f5cd1b1ec67aa(pd.DataFrame(_arg1))
 return result_schema_output.to_dict(orient='split') if isinstance(result_schema_output, pd.DataFrame) else result_schema_output

2026-05-07,03:20:50 [INFO] (web.py:web:2439): 200 POST /evaluate (127.0.0.1) 4.42ms
2026-05-07,03:20:50 [DEBUG] (base_handler.py:base_handler:115): Checking if need to handle authentication
2026-05-07,03:20:50 [DEBUG] (base_handler.py:base_handler:115): Handling authentication
2026-05-07,03:20:50 [INFO] (base_handler.py:base_handler:115): Authentication is not a required feature for API "v1"
2026-05-07,03:20:50 [DEBUG] (base_handler.py:base_handler:115): Checking request headers for authentication data
2026-05-07,03:20:50 [INFO] (base_handler.py:base_handler:115): Authorization header not found
2026-05-07,03:20:50 [DEBUG] (base_handler.py:base_handler:115): authentication not required, username and password are none
2026-05-07,03:20:50 [DEBUG] (state.py:state:526): Collecting Access-Control-Allow-Origin from state file ...
2026-05-07,03:20:50 [DEBUG] (state.py:state:628): Loading option 'Access-Control-Allow-Origin' from section [Service Info]...
2026-05-07,03:20:50 [DEBUG] (state.py:state:650): Returning value ''
2026-05-07,03:20:50 [DEBUG] (state.py:state:628): Loading option 'Access-Control-Allow-Headers' from section [Service Info]...
2026-05-07,03:20:50 [DEBUG] (state.py:state:650): Returning value ''
2026-05-07,03:20:50 [DEBUG] (state.py:state:628): Loading option 'Access-Control-Allow-Methods' from section [Service Info]...
2026-05-07,03:20:50 [DEBUG] (state.py:state:650): Returning value ''
2026-05-07,03:20:50 [DEBUG] (base_handler.py:base_handler:115): Processing POST request...
2026-05-07,03:20:50 [INFO] (base_handler.py:base_handler:115): function to evaluate=def _user_script(tabpy, _arg1):
 import pandas as pd
 def get_output_schema():
 	return 'a78715c4-973c-4d05-bba8-b0b3709c1293'
 def prep_string():
 	return ['prep_string_type']
 def prep_bool():
 	return ['prep_bool_type']
 def prep_int():
 	return ['prep_int_type']
 def prep_decimal():
     return ['prep_decimal_type']
 def prep_date():
 	return ['prep_date_type']
 def prep_datetime():
 	return ['prep_datetime_type']
 import pandas as pd
 
 
 def get_output_schema():
     return pd.DataFrame({
         'Employee_ID':                    prep_string(),
         'Employee_Name':                  prep_string(),
         'Department':                     prep_string(),
         'Age':                            prep_int(),
         'Salary':                         prep_int(),
         'Hire_Date':                      prep_string(),
         'City':                           prep_string(),
         'Average_Salary_All_Employees':   prep_decimal(),
         'Oldest_Employee_Name':           prep_string(),
         'Oldest_Employee_Department':     prep_string()
     })
 
 
 def filter_and_enrich(df):
     # Step 1: Compute metrics across ALL employees BEFORE filtering
     avg_salary = df['Salary'].mean()
     oldest_row = df.loc[df['Age'].idxmax()]
     oldest_name = oldest_row['Employee_Name']
     oldest_dept = oldest_row['Department']
 
     # Step 2: Add new columns
     df['Average_Salary_All_Employees'] = avg_salary
     df['Oldest_Employee_Name'] = oldest_name
     df['Oldest_Employee_Department'] = oldest_dept
 
     # Step 3: Filter to IT department only
     it_df = df[df['Department'] == 'IT'].copy()
 
     # Step 4: Force column order explicitly
     it_df = it_df[['Employee_ID', 'Employee_Name', 'Department', 'Age', 'Salary',
                    'Hire_Date', 'City',
                    'Average_Salary_All_Employees',
                    'Oldest_Employee_Name',
                    'Oldest_Employee_Department']]
 
     return it_df
 
 
 # Run it (for testing outside Tableau Prep)
 if __name__ == '__main__':
     df = pd.read_csv('employee_tableau_prep_python_sample.csv')
     result = filter_and_enrich(df)
 
     print("=== IT Department Employees ===")
     print(result[['Employee_Name', 'Department', 'Age', 'Salary',
                   'Average_Salary_All_Employees',
                   'Oldest_Employee_Name',
                   'Oldest_Employee_Department']].to_string(index=False))
 def get_output_schema_6fdead12c033435b923f5cd1b1ec67aa(df = pd.DataFrame()):
     import inspect
     if len(inspect.getfullargspec(get_output_schema).args) == 0:
         return get_output_schema()
     else:
         return get_output_schema(df)
 result_schema_output = get_output_schema_6fdead12c033435b923f5cd1b1ec67aa(pd.DataFrame(_arg1))
 return result_schema_output.to_dict(orient='split') if isinstance(result_schema_output, pd.DataFrame) else result_schema_output

2026-05-07,03:20:50 [INFO] (web.py:web:2439): 200 POST /evaluate (127.0.0.1) 4.89ms
2026-05-07,03:20:51 [DEBUG] (base_handler.py:base_handler:115): Checking if need to handle authentication
2026-05-07,03:20:51 [DEBUG] (base_handler.py:base_handler:115): Handling authentication
2026-05-07,03:20:51 [INFO] (base_handler.py:base_handler:115): Authentication is not a required feature for API "v1"
2026-05-07,03:20:51 [DEBUG] (base_handler.py:base_handler:115): Checking request headers for authentication data
2026-05-07,03:20:51 [INFO] (base_handler.py:base_handler:115): Authorization header not found
2026-05-07,03:20:51 [DEBUG] (base_handler.py:base_handler:115): authentication not required, username and password are none
2026-05-07,03:20:51 [DEBUG] (state.py:state:526): Collecting Access-Control-Allow-Origin from state file ...
2026-05-07,03:20:51 [DEBUG] (state.py:state:628): Loading option 'Access-Control-Allow-Origin' from section [Service Info]...
2026-05-07,03:20:51 [DEBUG] (state.py:state:650): Returning value ''
2026-05-07,03:20:51 [DEBUG] (state.py:state:628): Loading option 'Access-Control-Allow-Headers' from section [Service Info]...
2026-05-07,03:20:51 [DEBUG] (state.py:state:650): Returning value ''
2026-05-07,03:20:51 [DEBUG] (state.py:state:628): Loading option 'Access-Control-Allow-Methods' from section [Service Info]...
2026-05-07,03:20:51 [DEBUG] (state.py:state:650): Returning value ''
2026-05-07,03:20:51 [DEBUG] (base_handler.py:base_handler:115): Processing POST request...
2026-05-07,03:20:51 [INFO] (base_handler.py:base_handler:115): function to evaluate=def _user_script(tabpy, _arg1):
 import pandas as pd
 def get_output_schema():
 	return 'a78715c4-973c-4d05-bba8-b0b3709c1293'
 def prep_string():
 	return ['prep_string_type']
 def prep_bool():
 	return ['prep_bool_type']
 def prep_int():
 	return ['prep_int_type']
 def prep_decimal():
     return ['prep_decimal_type']
 def prep_date():
 	return ['prep_date_type']
 def prep_datetime():
 	return ['prep_datetime_type']
 import pandas as pd
 
 
 def get_output_schema():
     return pd.DataFrame({
         'Employee_ID':                    prep_string(),
         'Employee_Name':                  prep_string(),
         'Department':                     prep_string(),
         'Age':                            prep_int(),
         'Salary':                         prep_int(),
         'Hire_Date':                      prep_string(),
         'City':                           prep_string(),
         'Average_Salary_All_Employees':   prep_decimal(),
         'Oldest_Employee_Name':           prep_string(),
         'Oldest_Employee_Department':     prep_string()
     })
 
 
 def filter_and_enrich(df):
     # Step 1: Compute metrics across ALL employees BEFORE filtering
     avg_salary = df['Salary'].mean()
     oldest_row = df.loc[df['Age'].idxmax()]
     oldest_name = oldest_row['Employee_Name']
     oldest_dept = oldest_row['Department']
 
     # Step 2: Add new columns
     df['Average_Salary_All_Employees'] = avg_salary
     df['Oldest_Employee_Name'] = oldest_name
     df['Oldest_Employee_Department'] = oldest_dept
 
     # Step 3: Filter to IT department only
     it_df = df[df['Department'] == 'IT'].copy()
 
     # Step 4: Force column order explicitly
     it_df = it_df[['Employee_ID', 'Employee_Name', 'Department', 'Age', 'Salary',
                    'Hire_Date', 'City',
                    'Average_Salary_All_Employees',
                    'Oldest_Employee_Name',
                    'Oldest_Employee_Department']]
 
     return it_df
 
 
 # Run it (for testing outside Tableau Prep)
 if __name__ == '__main__':
     df = pd.read_csv('employee_tableau_prep_python_sample.csv')
     result = filter_and_enrich(df)
 
     print("=== IT Department Employees ===")
     print(result[['Employee_Name', 'Department', 'Age', 'Salary',
                   'Average_Salary_All_Employees',
                   'Oldest_Employee_Name',
                   'Oldest_Employee_Department']].to_string(index=False))
 def get_output_schema_6fdead12c033435b923f5cd1b1ec67aa(df = pd.DataFrame()):
     import inspect
     if len(inspect.getfullargspec(get_output_schema).args) == 0:
         return get_output_schema()
     else:
         return get_output_schema(df)
 result_schema_output = get_output_schema_6fdead12c033435b923f5cd1b1ec67aa(pd.DataFrame(_arg1))
 return result_schema_output.to_dict(orient='split') if isinstance(result_schema_output, pd.DataFrame) else result_schema_output

2026-05-07,03:20:51 [INFO] (web.py:web:2439): 200 POST /evaluate (127.0.0.1) 3.95ms
2026-05-07,03:20:51 [DEBUG] (base_handler.py:base_handler:115): Checking if need to handle authentication
2026-05-07,03:20:51 [DEBUG] (base_handler.py:base_handler:115): Handling authentication
2026-05-07,03:20:51 [INFO] (base_handler.py:base_handler:115): Authentication is not a required feature for API "v1"
2026-05-07,03:20:51 [DEBUG] (base_handler.py:base_handler:115): Checking request headers for authentication data
2026-05-07,03:20:51 [INFO] (base_handler.py:base_handler:115): Authorization header not found
2026-05-07,03:20:51 [DEBUG] (base_handler.py:base_handler:115): authentication not required, username and password are none
2026-05-07,03:20:51 [DEBUG] (state.py:state:526): Collecting Access-Control-Allow-Origin from state file ...
2026-05-07,03:20:51 [DEBUG] (state.py:state:628): Loading option 'Access-Control-Allow-Origin' from section [Service Info]...
2026-05-07,03:20:51 [DEBUG] (state.py:state:650): Returning value ''
2026-05-07,03:20:51 [DEBUG] (state.py:state:628): Loading option 'Access-Control-Allow-Headers' from section [Service Info]...
2026-05-07,03:20:51 [DEBUG] (state.py:state:650): Returning value ''
2026-05-07,03:20:51 [DEBUG] (state.py:state:628): Loading option 'Access-Control-Allow-Methods' from section [Service Info]...
2026-05-07,03:20:51 [DEBUG] (state.py:state:650): Returning value ''
2026-05-07,03:20:51 [DEBUG] (base_handler.py:base_handler:115): Processing POST request...
2026-05-07,03:20:51 [INFO] (base_handler.py:base_handler:115): function to evaluate=def _user_script(tabpy, _arg1):
 import pandas as pd
 def get_output_schema():
 	return 'a78715c4-973c-4d05-bba8-b0b3709c1293'
 def prep_string():
 	return ['prep_string_type']
 def prep_bool():
 	return ['prep_bool_type']
 def prep_int():
 	return ['prep_int_type']
 def prep_decimal():
     return ['prep_decimal_type']
 def prep_date():
 	return ['prep_date_type']
 def prep_datetime():
 	return ['prep_datetime_type']
 import pandas as pd
 
 
 def get_output_schema():
     return pd.DataFrame({
         'Employee_ID':                    prep_string(),
         'Employee_Name':                  prep_string(),
         'Department':                     prep_string(),
         'Age':                            prep_int(),
         'Salary':                         prep_int(),
         'Hire_Date':                      prep_string(),
         'City':                           prep_string(),
         'Average_Salary_All_Employees':   prep_decimal(),
         'Oldest_Employee_Name':           prep_string(),
         'Oldest_Employee_Department':     prep_string()
     })
 
 
 def filter_and_enrich(df):
     # Step 1: Compute metrics across ALL employees BEFORE filtering
     avg_salary = df['Salary'].mean()
     oldest_row = df.loc[df['Age'].idxmax()]
     oldest_name = oldest_row['Employee_Name']
     oldest_dept = oldest_row['Department']
 
     # Step 2: Add new columns
     df['Average_Salary_All_Employees'] = avg_salary
     df['Oldest_Employee_Name'] = oldest_name
     df['Oldest_Employee_Department'] = oldest_dept
 
     # Step 3: Filter to IT department only
     it_df = df[df['Department'] == 'IT'].copy()
 
     # Step 4: Force column order explicitly
     it_df = it_df[['Employee_ID', 'Employee_Name', 'Department', 'Age', 'Salary',
                    'Hire_Date', 'City',
                    'Average_Salary_All_Employees',
                    'Oldest_Employee_Name',
                    'Oldest_Employee_Department']]
 
     return it_df
 
 
 # Run it (for testing outside Tableau Prep)
 if __name__ == '__main__':
     df = pd.read_csv('employee_tableau_prep_python_sample.csv')
     result = filter_and_enrich(df)
 
     print("=== IT Department Employees ===")
     print(result[['Employee_Name', 'Department', 'Age', 'Salary',
                   'Average_Salary_All_Employees',
                   'Oldest_Employee_Name',
                   'Oldest_Employee_Department']].to_string(index=False))
 def get_output_schema_6fdead12c033435b923f5cd1b1ec67aa(df = pd.DataFrame()):
     import inspect
     if len(inspect.getfullargspec(get_output_schema).args) == 0:
         return get_output_schema()
     else:
         return get_output_schema(df)
 result_schema_output = get_output_schema_6fdead12c033435b923f5cd1b1ec67aa(pd.DataFrame(_arg1))
 return result_schema_output.to_dict(orient='split') if isinstance(result_schema_output, pd.DataFrame) else result_schema_output

2026-05-07,03:20:51 [INFO] (web.py:web:2439): 200 POST /evaluate (127.0.0.1) 3.89ms
2026-05-07,03:20:52 [DEBUG] (base_handler.py:base_handler:115): Checking if need to handle authentication
2026-05-07,03:20:52 [DEBUG] (base_handler.py:base_handler:115): Handling authentication
2026-05-07,03:20:52 [INFO] (base_handler.py:base_handler:115): Authentication is not a required feature for API "v1"
2026-05-07,03:20:52 [DEBUG] (base_handler.py:base_handler:115): Checking request headers for authentication data
2026-05-07,03:20:52 [INFO] (base_handler.py:base_handler:115): Authorization header not found
2026-05-07,03:20:52 [DEBUG] (base_handler.py:base_handler:115): authentication not required, username and password are none
2026-05-07,03:20:52 [DEBUG] (state.py:state:526): Collecting Access-Control-Allow-Origin from state file ...
2026-05-07,03:20:52 [DEBUG] (state.py:state:628): Loading option 'Access-Control-Allow-Origin' from section [Service Info]...
2026-05-07,03:20:52 [DEBUG] (state.py:state:650): Returning value ''
2026-05-07,03:20:52 [DEBUG] (state.py:state:628): Loading option 'Access-Control-Allow-Headers' from section [Service Info]...
2026-05-07,03:20:52 [DEBUG] (state.py:state:650): Returning value ''
2026-05-07,03:20:52 [DEBUG] (state.py:state:628): Loading option 'Access-Control-Allow-Methods' from section [Service Info]...
2026-05-07,03:20:52 [DEBUG] (state.py:state:650): Returning value ''
2026-05-07,03:20:52 [DEBUG] (base_handler.py:base_handler:115): Processing POST request...
2026-05-07,03:20:52 [INFO] (base_handler.py:base_handler:115): function to evaluate=def _user_script(tabpy, _arg1):
 import pandas as pd
 import pandas as pd
 
 
 def get_output_schema():
     return pd.DataFrame({
         'Employee_ID':                    prep_string(),
         'Employee_Name':                  prep_string(),
         'Department':                     prep_string(),
         'Age':                            prep_int(),
         'Salary':                         prep_int(),
         'Hire_Date':                      prep_string(),
         'City':                           prep_string(),
         'Average_Salary_All_Employees':   prep_decimal(),
         'Oldest_Employee_Name':           prep_string(),
         'Oldest_Employee_Department':     prep_string()
     })
 
 
 def filter_and_enrich(df):
     # Step 1: Compute metrics across ALL employees BEFORE filtering
     avg_salary = df['Salary'].mean()
     oldest_row = df.loc[df['Age'].idxmax()]
     oldest_name = oldest_row['Employee_Name']
     oldest_dept = oldest_row['Department']
 
     # Step 2: Add new columns
     df['Average_Salary_All_Employees'] = avg_salary
     df['Oldest_Employee_Name'] = oldest_name
     df['Oldest_Employee_Department'] = oldest_dept
 
     # Step 3: Filter to IT department only
     it_df = df[df['Department'] == 'IT'].copy()
 
     # Step 4: Force column order explicitly
     it_df = it_df[['Employee_ID', 'Employee_Name', 'Department', 'Age', 'Salary',
                    'Hire_Date', 'City',
                    'Average_Salary_All_Employees',
                    'Oldest_Employee_Name',
                    'Oldest_Employee_Department']]
 
     return it_df
 
 
 # Run it (for testing outside Tableau Prep)
 if __name__ == '__main__':
     df = pd.read_csv('employee_tableau_prep_python_sample.csv')
     result = filter_and_enrich(df)
 
     print("=== IT Department Employees ===")
     print(result[['Employee_Name', 'Department', 'Age', 'Salary',
                   'Average_Salary_All_Employees',
                   'Oldest_Employee_Name',
                   'Oldest_Employee_Department']].to_string(index=False))
 execution_result = filter_and_enrich(pd.DataFrame(_arg1))
 return execution_result.to_dict(orient='list') if isinstance(execution_result, pd.DataFrame) else execution_result

2026-05-07,03:20:52 [INFO] (web.py:web:2439): 200 POST /evaluate (127.0.0.1) 8.13ms
2026-05-07,03:21:04 [DEBUG] (base_handler.py:base_handler:115): Checking if need to handle authentication
2026-05-07,03:21:04 [DEBUG] (base_handler.py:base_handler:115): Handling authentication
2026-05-07,03:21:04 [INFO] (base_handler.py:base_handler:115): Authentication is not a required feature for API "v1"
2026-05-07,03:21:04 [DEBUG] (base_handler.py:base_handler:115): Checking request headers for authentication data
2026-05-07,03:21:04 [INFO] (base_handler.py:base_handler:115): Authorization header not found
2026-05-07,03:21:04 [DEBUG] (base_handler.py:base_handler:115): authentication not required, username and password are none
2026-05-07,03:21:04 [DEBUG] (state.py:state:526): Collecting Access-Control-Allow-Origin from state file ...
2026-05-07,03:21:04 [DEBUG] (state.py:state:628): Loading option 'Access-Control-Allow-Origin' from section [Service Info]...
2026-05-07,03:21:04 [DEBUG] (state.py:state:650): Returning value ''
2026-05-07,03:21:04 [DEBUG] (state.py:state:628): Loading option 'Access-Control-Allow-Headers' from section [Service Info]...
2026-05-07,03:21:04 [DEBUG] (state.py:state:650): Returning value ''
2026-05-07,03:21:04 [DEBUG] (state.py:state:628): Loading option 'Access-Control-Allow-Methods' from section [Service Info]...
2026-05-07,03:21:04 [DEBUG] (state.py:state:650): Returning value ''
2026-05-07,03:21:04 [DEBUG] (base_handler.py:base_handler:115): Processing POST request...
2026-05-07,03:21:04 [INFO] (base_handler.py:base_handler:115): function to evaluate=def _user_script(tabpy, _arg1):
 import pandas as pd
 def get_output_schema():
 	return 'a78715c4-973c-4d05-bba8-b0b3709c1293'
 def prep_string():
 	return ['prep_string_type']
 def prep_bool():
 	return ['prep_bool_type']
 def prep_int():
 	return ['prep_int_type']
 def prep_decimal():
     return ['prep_decimal_type']
 def prep_date():
 	return ['prep_date_type']
 def prep_datetime():
 	return ['prep_datetime_type']
 import pandas as pd
 
 
 def get_output_schema():
     return pd.DataFrame({
         'Employee_ID':                    prep_string(),
         'Employee_Name':                  prep_string(),
         'Department':                     prep_string(),
         'Age':                            prep_int(),
         'Salary':                         prep_int(),
         'Hire_Date':                      prep_string(),
         'City':                           prep_string(),
         'Average_Salary_All_Employees':   prep_decimal(),
         'Oldest_Employee_Name':           prep_string(),
         'Oldest_Employee_Department':     prep_string()
     })
 
 
 def filter_and_enrich(df):
     # Step 1: Compute metrics across ALL employees BEFORE filtering
     avg_salary = df['Salary'].mean()
     oldest_row = df.loc[df['Age'].idxmax()]
     oldest_name = oldest_row['Employee_Name']
     oldest_dept = oldest_row['Department']
 
     # Step 2: Add new columns
     df['Average_Salary_All_Employees'] = avg_salary
     df['Oldest_Employee_Name'] = oldest_name
     df['Oldest_Employee_Department'] = oldest_dept
 
     # Step 3: Filter to IT department only
     it_df = df[df['Department'] == 'IT'].copy()
 
     # Step 4: Force column order explicitly
     it_df = it_df[['Employee_ID', 'Employee_Name', 'Department', 'Age', 'Salary',
                    'Hire_Date', 'City',
                    'Average_Salary_All_Employees',
                    'Oldest_Employee_Name',
                    'Oldest_Employee_Department']]
 
     return it_df
 
 
 # Run it (for testing outside Tableau Prep)
 if __name__ == '__main__':
     df = pd.read_csv('employee_tableau_prep_python_sample.csv')
     result = filter_and_enrich(df)
 
     print("=== IT Department Employees ===")
     print(result[['Employee_Name', 'Department', 'Age', 'Salary',
                   'Average_Salary_All_Employees',
                   'Oldest_Employee_Name',
                   'Oldest_Employee_Department']].to_string(index=False))
 def get_output_schema_6fdead12c033435b923f5cd1b1ec67aa(df = pd.DataFrame()):
     import inspect
     if len(inspect.getfullargspec(get_output_schema).args) == 0:
         return get_output_schema()
     else:
         return get_output_schema(df)
 result_schema_output = get_output_schema_6fdead12c033435b923f5cd1b1ec67aa(pd.DataFrame(_arg1))
 return result_schema_output.to_dict(orient='split') if isinstance(result_schema_output, pd.DataFrame) else result_schema_output

2026-05-07,03:21:04 [INFO] (web.py:web:2439): 200 POST /evaluate (127.0.0.1) 7.11ms
2026-05-07,03:21:04 [DEBUG] (base_handler.py:base_handler:115): Checking if need to handle authentication
2026-05-07,03:21:04 [DEBUG] (base_handler.py:base_handler:115): Handling authentication
2026-05-07,03:21:04 [INFO] (base_handler.py:base_handler:115): Authentication is not a required feature for API "v1"
2026-05-07,03:21:04 [DEBUG] (base_handler.py:base_handler:115): Checking request headers for authentication data
2026-05-07,03:21:04 [INFO] (base_handler.py:base_handler:115): Authorization header not found
2026-05-07,03:21:04 [DEBUG] (base_handler.py:base_handler:115): authentication not required, username and password are none
2026-05-07,03:21:04 [DEBUG] (state.py:state:526): Collecting Access-Control-Allow-Origin from state file ...
2026-05-07,03:21:04 [DEBUG] (state.py:state:628): Loading option 'Access-Control-Allow-Origin' from section [Service Info]...
2026-05-07,03:21:04 [DEBUG] (state.py:state:650): Returning value ''
2026-05-07,03:21:04 [DEBUG] (state.py:state:628): Loading option 'Access-Control-Allow-Headers' from section [Service Info]...
2026-05-07,03:21:04 [DEBUG] (state.py:state:650): Returning value ''
2026-05-07,03:21:04 [DEBUG] (state.py:state:628): Loading option 'Access-Control-Allow-Methods' from section [Service Info]...
2026-05-07,03:21:04 [DEBUG] (state.py:state:650): Returning value ''
2026-05-07,03:21:04 [DEBUG] (base_handler.py:base_handler:115): Processing POST request...
2026-05-07,03:21:04 [INFO] (base_handler.py:base_handler:115): function to evaluate=def _user_script(tabpy, _arg1):
 import pandas as pd
 def get_output_schema():
 	return 'a78715c4-973c-4d05-bba8-b0b3709c1293'
 def prep_string():
 	return ['prep_string_type']
 def prep_bool():
 	return ['prep_bool_type']
 def prep_int():
 	return ['prep_int_type']
 def prep_decimal():
     return ['prep_decimal_type']
 def prep_date():
 	return ['prep_date_type']
 def prep_datetime():
 	return ['prep_datetime_type']
 import pandas as pd
 
 
 def get_output_schema():
     return pd.DataFrame({
         'Employee_ID':                    prep_string(),
         'Employee_Name':                  prep_string(),
         'Department':                     prep_string(),
         'Age':                            prep_int(),
         'Salary':                         prep_int(),
         'Hire_Date':                      prep_string(),
         'City':                           prep_string(),
         'Average_Salary_All_Employees':   prep_decimal(),
         'Oldest_Employee_Name':           prep_string(),
         'Oldest_Employee_Department':     prep_string()
     })
 
 
 def filter_and_enrich(df):
     # Step 1: Compute metrics across ALL employees BEFORE filtering
     avg_salary = df['Salary'].mean()
     oldest_row = df.loc[df['Age'].idxmax()]
     oldest_name = oldest_row['Employee_Name']
     oldest_dept = oldest_row['Department']
 
     # Step 2: Add new columns
     df['Average_Salary_All_Employees'] = avg_salary
     df['Oldest_Employee_Name'] = oldest_name
     df['Oldest_Employee_Department'] = oldest_dept
 
     # Step 3: Filter to IT department only
     it_df = df[df['Department'] == 'IT'].copy()
 
     # Step 4: Force column order explicitly
     it_df = it_df[['Employee_ID', 'Employee_Name', 'Department', 'Age', 'Salary',
                    'Hire_Date', 'City',
                    'Average_Salary_All_Employees',
                    'Oldest_Employee_Name',
                    'Oldest_Employee_Department']]
 
     return it_df
 
 
 # Run it (for testing outside Tableau Prep)
 if __name__ == '__main__':
     df = pd.read_csv('employee_tableau_prep_python_sample.csv')
     result = filter_and_enrich(df)
 
     print("=== IT Department Employees ===")
     print(result[['Employee_Name', 'Department', 'Age', 'Salary',
                   'Average_Salary_All_Employees',
                   'Oldest_Employee_Name',
                   'Oldest_Employee_Department']].to_string(index=False))
 def get_output_schema_6fdead12c033435b923f5cd1b1ec67aa(df = pd.DataFrame()):
     import inspect
     if len(inspect.getfullargspec(get_output_schema).args) == 0:
         return get_output_schema()
     else:
         return get_output_schema(df)
 result_schema_output = get_output_schema_6fdead12c033435b923f5cd1b1ec67aa(pd.DataFrame(_arg1))
 return result_schema_output.to_dict(orient='split') if isinstance(result_schema_output, pd.DataFrame) else result_schema_output

2026-05-07,03:21:04 [INFO] (web.py:web:2439): 200 POST /evaluate (127.0.0.1) 4.25ms
2026-05-07,03:21:04 [DEBUG] (base_handler.py:base_handler:115): Checking if need to handle authentication
2026-05-07,03:21:04 [DEBUG] (base_handler.py:base_handler:115): Handling authentication
2026-05-07,03:21:04 [INFO] (base_handler.py:base_handler:115): Authentication is not a required feature for API "v1"
2026-05-07,03:21:04 [DEBUG] (base_handler.py:base_handler:115): Checking request headers for authentication data
2026-05-07,03:21:04 [INFO] (base_handler.py:base_handler:115): Authorization header not found
2026-05-07,03:21:04 [DEBUG] (base_handler.py:base_handler:115): authentication not required, username and password are none
2026-05-07,03:21:04 [DEBUG] (state.py:state:526): Collecting Access-Control-Allow-Origin from state file ...
2026-05-07,03:21:04 [DEBUG] (state.py:state:628): Loading option 'Access-Control-Allow-Origin' from section [Service Info]...
2026-05-07,03:21:04 [DEBUG] (state.py:state:650): Returning value ''
2026-05-07,03:21:04 [DEBUG] (state.py:state:628): Loading option 'Access-Control-Allow-Headers' from section [Service Info]...
2026-05-07,03:21:04 [DEBUG] (state.py:state:650): Returning value ''
2026-05-07,03:21:04 [DEBUG] (state.py:state:628): Loading option 'Access-Control-Allow-Methods' from section [Service Info]...
2026-05-07,03:21:04 [DEBUG] (state.py:state:650): Returning value ''
2026-05-07,03:21:04 [DEBUG] (base_handler.py:base_handler:115): Processing POST request...
2026-05-07,03:21:04 [INFO] (base_handler.py:base_handler:115): function to evaluate=def _user_script(tabpy, _arg1):
 import pandas as pd
 import pandas as pd
 
 
 def get_output_schema():
     return pd.DataFrame({
         'Employee_ID':                    prep_string(),
         'Employee_Name':                  prep_string(),
         'Department':                     prep_string(),
         'Age':                            prep_int(),
         'Salary':                         prep_int(),
         'Hire_Date':                      prep_string(),
         'City':                           prep_string(),
         'Average_Salary_All_Employees':   prep_decimal(),
         'Oldest_Employee_Name':           prep_string(),
         'Oldest_Employee_Department':     prep_string()
     })
 
 
 def filter_and_enrich(df):
     # Step 1: Compute metrics across ALL employees BEFORE filtering
     avg_salary = df['Salary'].mean()
     oldest_row = df.loc[df['Age'].idxmax()]
     oldest_name = oldest_row['Employee_Name']
     oldest_dept = oldest_row['Department']
 
     # Step 2: Add new columns
     df['Average_Salary_All_Employees'] = avg_salary
     df['Oldest_Employee_Name'] = oldest_name
     df['Oldest_Employee_Department'] = oldest_dept
 
     # Step 3: Filter to IT department only
     it_df = df[df['Department'] == 'IT'].copy()
 
     # Step 4: Force column order explicitly
     it_df = it_df[['Employee_ID', 'Employee_Name', 'Department', 'Age', 'Salary',
                    'Hire_Date', 'City',
                    'Average_Salary_All_Employees',
                    'Oldest_Employee_Name',
                    'Oldest_Employee_Department']]
 
     return it_df
 
 
 # Run it (for testing outside Tableau Prep)
 if __name__ == '__main__':
     df = pd.read_csv('employee_tableau_prep_python_sample.csv')
     result = filter_and_enrich(df)
 
     print("=== IT Department Employees ===")
     print(result[['Employee_Name', 'Department', 'Age', 'Salary',
                   'Average_Salary_All_Employees',
                   'Oldest_Employee_Name',
                   'Oldest_Employee_Department']].to_string(index=False))
 execution_result = filter_and_enrich(pd.DataFrame(_arg1))
 return execution_result.to_dict(orient='list') if isinstance(execution_result, pd.DataFrame) else execution_result

2026-05-07,03:21:04 [INFO] (web.py:web:2439): 200 POST /evaluate (127.0.0.1) 7.25ms
2026-05-07,03:21:06 [DEBUG] (base_handler.py:base_handler:115): Checking if need to handle authentication
2026-05-07,03:21:06 [DEBUG] (base_handler.py:base_handler:115): Handling authentication
2026-05-07,03:21:06 [INFO] (base_handler.py:base_handler:115): Authentication is not a required feature for API "v1"
2026-05-07,03:21:06 [DEBUG] (base_handler.py:base_handler:115): Checking request headers for authentication data
2026-05-07,03:21:06 [INFO] (base_handler.py:base_handler:115): Authorization header not found
2026-05-07,03:21:06 [DEBUG] (base_handler.py:base_handler:115): authentication not required, username and password are none
2026-05-07,03:21:06 [DEBUG] (state.py:state:526): Collecting Access-Control-Allow-Origin from state file ...
2026-05-07,03:21:06 [DEBUG] (state.py:state:628): Loading option 'Access-Control-Allow-Origin' from section [Service Info]...
2026-05-07,03:21:06 [DEBUG] (state.py:state:650): Returning value ''
2026-05-07,03:21:06 [DEBUG] (state.py:state:628): Loading option 'Access-Control-Allow-Headers' from section [Service Info]...
2026-05-07,03:21:06 [DEBUG] (state.py:state:650): Returning value ''
2026-05-07,03:21:06 [DEBUG] (state.py:state:628): Loading option 'Access-Control-Allow-Methods' from section [Service Info]...
2026-05-07,03:21:06 [DEBUG] (state.py:state:650): Returning value ''
2026-05-07,03:21:06 [DEBUG] (base_handler.py:base_handler:115): Processing POST request...
2026-05-07,03:21:06 [INFO] (base_handler.py:base_handler:115): function to evaluate=def _user_script(tabpy, _arg1):
 import pandas as pd
 def get_output_schema():
 	return 'a78715c4-973c-4d05-bba8-b0b3709c1293'
 def prep_string():
 	return ['prep_string_type']
 def prep_bool():
 	return ['prep_bool_type']
 def prep_int():
 	return ['prep_int_type']
 def prep_decimal():
     return ['prep_decimal_type']
 def prep_date():
 	return ['prep_date_type']
 def prep_datetime():
 	return ['prep_datetime_type']
 import pandas as pd
 
 
 def get_output_schema():
     return pd.DataFrame({
         'Employee_ID':                    prep_string(),
         'Employee_Name':                  prep_string(),
         'Department':                     prep_string(),
         'Age':                            prep_int(),
         'Salary':                         prep_int(),
         'Hire_Date':                      prep_string(),
         'City':                           prep_string(),
         'Average_Salary_All_Employees':   prep_decimal(),
         'Oldest_Employee_Name':           prep_string(),
         'Oldest_Employee_Department':     prep_string()
     })
 
 
 def filter_and_enrich(df):
     # Step 1: Compute metrics across ALL employees BEFORE filtering
     avg_salary = df['Salary'].mean()
     oldest_row = df.loc[df['Age'].idxmax()]
     oldest_name = oldest_row['Employee_Name']
     oldest_dept = oldest_row['Department']
 
     # Step 2: Add new columns
     df['Average_Salary_All_Employees'] = avg_salary
     df['Oldest_Employee_Name'] = oldest_name
     df['Oldest_Employee_Department'] = oldest_dept
 
     # Step 3: Filter to IT department only
     it_df = df[df['Department'] == 'IT'].copy()
 
     # Step 4: Force column order explicitly
     it_df = it_df[['Employee_ID', 'Employee_Name', 'Department', 'Age', 'Salary',
                    'Hire_Date', 'City',
                    'Average_Salary_All_Employees',
                    'Oldest_Employee_Name',
                    'Oldest_Employee_Department']]
 
     return it_df
 
 
 # Run it (for testing outside Tableau Prep)
 if __name__ == '__main__':
     df = pd.read_csv('employee_tableau_prep_python_sample.csv')
     result = filter_and_enrich(df)
 
     print("=== IT Department Employees ===")
     print(result[['Employee_Name', 'Department', 'Age', 'Salary',
                   'Average_Salary_All_Employees',
                   'Oldest_Employee_Name',
                   'Oldest_Employee_Department']].to_string(index=False))
 def get_output_schema_6fdead12c033435b923f5cd1b1ec67aa(df = pd.DataFrame()):
     import inspect
     if len(inspect.getfullargspec(get_output_schema).args) == 0:
         return get_output_schema()
     else:
         return get_output_schema(df)
 result_schema_output = get_output_schema_6fdead12c033435b923f5cd1b1ec67aa(pd.DataFrame(_arg1))
 return result_schema_output.to_dict(orient='split') if isinstance(result_schema_output, pd.DataFrame) else result_schema_output

2026-05-07,03:21:06 [INFO] (web.py:web:2439): 200 POST /evaluate (127.0.0.1) 4.01ms
2026-05-07,03:21:06 [DEBUG] (base_handler.py:base_handler:115): Checking if need to handle authentication
2026-05-07,03:21:06 [DEBUG] (base_handler.py:base_handler:115): Handling authentication
2026-05-07,03:21:06 [INFO] (base_handler.py:base_handler:115): Authentication is not a required feature for API "v1"
2026-05-07,03:21:06 [DEBUG] (base_handler.py:base_handler:115): Checking request headers for authentication data
2026-05-07,03:21:06 [INFO] (base_handler.py:base_handler:115): Authorization header not found
2026-05-07,03:21:06 [DEBUG] (base_handler.py:base_handler:115): authentication not required, username and password are none
2026-05-07,03:21:06 [DEBUG] (state.py:state:526): Collecting Access-Control-Allow-Origin from state file ...
2026-05-07,03:21:06 [DEBUG] (state.py:state:628): Loading option 'Access-Control-Allow-Origin' from section [Service Info]...
2026-05-07,03:21:06 [DEBUG] (state.py:state:650): Returning value ''
2026-05-07,03:21:06 [DEBUG] (state.py:state:628): Loading option 'Access-Control-Allow-Headers' from section [Service Info]...
2026-05-07,03:21:06 [DEBUG] (state.py:state:650): Returning value ''
2026-05-07,03:21:06 [DEBUG] (state.py:state:628): Loading option 'Access-Control-Allow-Methods' from section [Service Info]...
2026-05-07,03:21:06 [DEBUG] (state.py:state:650): Returning value ''
2026-05-07,03:21:06 [DEBUG] (base_handler.py:base_handler:115): Processing POST request...
2026-05-07,03:21:06 [INFO] (base_handler.py:base_handler:115): function to evaluate=def _user_script(tabpy, _arg1):
 import pandas as pd
 def get_output_schema():
 	return 'a78715c4-973c-4d05-bba8-b0b3709c1293'
 def prep_string():
 	return ['prep_string_type']
 def prep_bool():
 	return ['prep_bool_type']
 def prep_int():
 	return ['prep_int_type']
 def prep_decimal():
     return ['prep_decimal_type']
 def prep_date():
 	return ['prep_date_type']
 def prep_datetime():
 	return ['prep_datetime_type']
 import pandas as pd
 
 
 def get_output_schema():
     return pd.DataFrame({
         'Employee_ID':                    prep_string(),
         'Employee_Name':                  prep_string(),
         'Department':                     prep_string(),
         'Age':                            prep_int(),
         'Salary':                         prep_int(),
         'Hire_Date':                      prep_string(),
         'City':                           prep_string(),
         'Average_Salary_All_Employees':   prep_decimal(),
         'Oldest_Employee_Name':           prep_string(),
         'Oldest_Employee_Department':     prep_string()
     })
 
 
 def filter_and_enrich(df):
     # Step 1: Compute metrics across ALL employees BEFORE filtering
     avg_salary = df['Salary'].mean()
     oldest_row = df.loc[df['Age'].idxmax()]
     oldest_name = oldest_row['Employee_Name']
     oldest_dept = oldest_row['Department']
 
     # Step 2: Add new columns
     df['Average_Salary_All_Employees'] = avg_salary
     df['Oldest_Employee_Name'] = oldest_name
     df['Oldest_Employee_Department'] = oldest_dept
 
     # Step 3: Filter to IT department only
     it_df = df[df['Department'] == 'IT'].copy()
 
     # Step 4: Force column order explicitly
     it_df = it_df[['Employee_ID', 'Employee_Name', 'Department', 'Age', 'Salary',
                    'Hire_Date', 'City',
                    'Average_Salary_All_Employees',
                    'Oldest_Employee_Name',
                    'Oldest_Employee_Department']]
 
     return it_df
 
 
 # Run it (for testing outside Tableau Prep)
 if __name__ == '__main__':
     df = pd.read_csv('employee_tableau_prep_python_sample.csv')
     result = filter_and_enrich(df)
 
     print("=== IT Department Employees ===")
     print(result[['Employee_Name', 'Department', 'Age', 'Salary',
                   'Average_Salary_All_Employees',
                   'Oldest_Employee_Name',
                   'Oldest_Employee_Department']].to_string(index=False))
 def get_output_schema_6fdead12c033435b923f5cd1b1ec67aa(df = pd.DataFrame()):
     import inspect
     if len(inspect.getfullargspec(get_output_schema).args) == 0:
         return get_output_schema()
     else:
         return get_output_schema(df)
 result_schema_output = get_output_schema_6fdead12c033435b923f5cd1b1ec67aa(pd.DataFrame(_arg1))
 return result_schema_output.to_dict(orient='split') if isinstance(result_schema_output, pd.DataFrame) else result_schema_output

2026-05-07,03:21:06 [INFO] (web.py:web:2439): 200 POST /evaluate (127.0.0.1) 4.32ms
2026-05-07,03:21:06 [DEBUG] (base_handler.py:base_handler:115): Checking if need to handle authentication
2026-05-07,03:21:06 [DEBUG] (base_handler.py:base_handler:115): Handling authentication
2026-05-07,03:21:06 [INFO] (base_handler.py:base_handler:115): Authentication is not a required feature for API "v1"
2026-05-07,03:21:06 [DEBUG] (base_handler.py:base_handler:115): Checking request headers for authentication data
2026-05-07,03:21:06 [INFO] (base_handler.py:base_handler:115): Authorization header not found
2026-05-07,03:21:06 [DEBUG] (base_handler.py:base_handler:115): authentication not required, username and password are none
2026-05-07,03:21:06 [DEBUG] (state.py:state:526): Collecting Access-Control-Allow-Origin from state file ...
2026-05-07,03:21:06 [DEBUG] (state.py:state:628): Loading option 'Access-Control-Allow-Origin' from section [Service Info]...
2026-05-07,03:21:06 [DEBUG] (state.py:state:650): Returning value ''
2026-05-07,03:21:06 [DEBUG] (state.py:state:628): Loading option 'Access-Control-Allow-Headers' from section [Service Info]...
2026-05-07,03:21:06 [DEBUG] (state.py:state:650): Returning value ''
2026-05-07,03:21:06 [DEBUG] (state.py:state:628): Loading option 'Access-Control-Allow-Methods' from section [Service Info]...
2026-05-07,03:21:06 [DEBUG] (state.py:state:650): Returning value ''
2026-05-07,03:21:06 [DEBUG] (base_handler.py:base_handler:115): Processing POST request...
2026-05-07,03:21:06 [INFO] (base_handler.py:base_handler:115): function to evaluate=def _user_script(tabpy, _arg1):
 import pandas as pd
 import pandas as pd
 
 
 def get_output_schema():
     return pd.DataFrame({
         'Employee_ID':                    prep_string(),
         'Employee_Name':                  prep_string(),
         'Department':                     prep_string(),
         'Age':                            prep_int(),
         'Salary':                         prep_int(),
         'Hire_Date':                      prep_string(),
         'City':                           prep_string(),
         'Average_Salary_All_Employees':   prep_decimal(),
         'Oldest_Employee_Name':           prep_string(),
         'Oldest_Employee_Department':     prep_string()
     })
 
 
 def filter_and_enrich(df):
     # Step 1: Compute metrics across ALL employees BEFORE filtering
     avg_salary = df['Salary'].mean()
     oldest_row = df.loc[df['Age'].idxmax()]
     oldest_name = oldest_row['Employee_Name']
     oldest_dept = oldest_row['Department']
 
     # Step 2: Add new columns
     df['Average_Salary_All_Employees'] = avg_salary
     df['Oldest_Employee_Name'] = oldest_name
     df['Oldest_Employee_Department'] = oldest_dept
 
     # Step 3: Filter to IT department only
     it_df = df[df['Department'] == 'IT'].copy()
 
     # Step 4: Force column order explicitly
     it_df = it_df[['Employee_ID', 'Employee_Name', 'Department', 'Age', 'Salary',
                    'Hire_Date', 'City',
                    'Average_Salary_All_Employees',
                    'Oldest_Employee_Name',
                    'Oldest_Employee_Department']]
 
     return it_df
 
 
 # Run it (for testing outside Tableau Prep)
 if __name__ == '__main__':
     df = pd.read_csv('employee_tableau_prep_python_sample.csv')
     result = filter_and_enrich(df)
 
     print("=== IT Department Employees ===")
     print(result[['Employee_Name', 'Department', 'Age', 'Salary',
                   'Average_Salary_All_Employees',
                   'Oldest_Employee_Name',
                   'Oldest_Employee_Department']].to_string(index=False))
 execution_result = filter_and_enrich(pd.DataFrame(_arg1))
 return execution_result.to_dict(orient='list') if isinstance(execution_result, pd.DataFrame) else execution_result

2026-05-07,03:21:06 [INFO] (web.py:web:2439): 200 POST /evaluate (127.0.0.1) 5.77ms
2026-05-07,03:21:08 [DEBUG] (base_handler.py:base_handler:115): Checking if need to handle authentication
2026-05-07,03:21:08 [DEBUG] (base_handler.py:base_handler:115): Handling authentication
2026-05-07,03:21:08 [INFO] (base_handler.py:base_handler:115): Authentication is not a required feature for API "v1"
2026-05-07,03:21:08 [DEBUG] (base_handler.py:base_handler:115): Checking request headers for authentication data
2026-05-07,03:21:08 [INFO] (base_handler.py:base_handler:115): Authorization header not found
2026-05-07,03:21:08 [DEBUG] (base_handler.py:base_handler:115): authentication not required, username and password are none
2026-05-07,03:21:08 [DEBUG] (state.py:state:526): Collecting Access-Control-Allow-Origin from state file ...
2026-05-07,03:21:08 [DEBUG] (state.py:state:628): Loading option 'Access-Control-Allow-Origin' from section [Service Info]...
2026-05-07,03:21:08 [DEBUG] (state.py:state:650): Returning value ''
2026-05-07,03:21:08 [DEBUG] (state.py:state:628): Loading option 'Access-Control-Allow-Headers' from section [Service Info]...
2026-05-07,03:21:08 [DEBUG] (state.py:state:650): Returning value ''
2026-05-07,03:21:08 [DEBUG] (state.py:state:628): Loading option 'Access-Control-Allow-Methods' from section [Service Info]...
2026-05-07,03:21:08 [DEBUG] (state.py:state:650): Returning value ''
2026-05-07,03:21:08 [DEBUG] (base_handler.py:base_handler:115): Processing POST request...
2026-05-07,03:21:08 [INFO] (base_handler.py:base_handler:115): function to evaluate=def _user_script(tabpy, _arg1):
 import pandas as pd
 def get_output_schema():
 	return 'a78715c4-973c-4d05-bba8-b0b3709c1293'
 def prep_string():
 	return ['prep_string_type']
 def prep_bool():
 	return ['prep_bool_type']
 def prep_int():
 	return ['prep_int_type']
 def prep_decimal():
     return ['prep_decimal_type']
 def prep_date():
 	return ['prep_date_type']
 def prep_datetime():
 	return ['prep_datetime_type']
 import pandas as pd
 
 
 def get_output_schema():
     return pd.DataFrame({
         'Employee_ID':                    prep_string(),
         'Employee_Name':                  prep_string(),
         'Department':                     prep_string(),
         'Age':                            prep_int(),
         'Salary':                         prep_int(),
         'Hire_Date':                      prep_string(),
         'City':                           prep_string(),
         'Average_Salary_All_Employees':   prep_decimal(),
         'Oldest_Employee_Name':           prep_string(),
         'Oldest_Employee_Department':     prep_string()
     })
 
 
 def filter_and_enrich(df):
     # Step 1: Compute metrics across ALL employees BEFORE filtering
     avg_salary = df['Salary'].mean()
     oldest_row = df.loc[df['Age'].idxmax()]
     oldest_name = oldest_row['Employee_Name']
     oldest_dept = oldest_row['Department']
 
     # Step 2: Add new columns
     df['Average_Salary_All_Employees'] = avg_salary
     df['Oldest_Employee_Name'] = oldest_name
     df['Oldest_Employee_Department'] = oldest_dept
 
     # Step 3: Filter to IT department only
     it_df = df[df['Department'] == 'IT'].copy()
 
     # Step 4: Force column order explicitly
     it_df = it_df[['Employee_ID', 'Employee_Name', 'Department', 'Age', 'Salary',
                    'Hire_Date', 'City',
                    'Average_Salary_All_Employees',
                    'Oldest_Employee_Name',
                    'Oldest_Employee_Department']]
 
     return it_df
 
 
 # Run it (for testing outside Tableau Prep)
 if __name__ == '__main__':
     df = pd.read_csv('employee_tableau_prep_python_sample.csv')
     result = filter_and_enrich(df)
 
     print("=== IT Department Employees ===")
     print(result[['Employee_Name', 'Department', 'Age', 'Salary',
                   'Average_Salary_All_Employees',
                   'Oldest_Employee_Name',
                   'Oldest_Employee_Department']].to_string(index=False))
 def get_output_schema_6fdead12c033435b923f5cd1b1ec67aa(df = pd.DataFrame()):
     import inspect
     if len(inspect.getfullargspec(get_output_schema).args) == 0:
         return get_output_schema()
     else:
         return get_output_schema(df)
 result_schema_output = get_output_schema_6fdead12c033435b923f5cd1b1ec67aa(pd.DataFrame(_arg1))
 return result_schema_output.to_dict(orient='split') if isinstance(result_schema_output, pd.DataFrame) else result_schema_output

2026-05-07,03:21:08 [INFO] (web.py:web:2439): 200 POST /evaluate (127.0.0.1) 5.78ms
2026-05-07,03:21:08 [DEBUG] (base_handler.py:base_handler:115): Checking if need to handle authentication
2026-05-07,03:21:08 [DEBUG] (base_handler.py:base_handler:115): Handling authentication
2026-05-07,03:21:08 [INFO] (base_handler.py:base_handler:115): Authentication is not a required feature for API "v1"
2026-05-07,03:21:08 [DEBUG] (base_handler.py:base_handler:115): Checking request headers for authentication data
2026-05-07,03:21:08 [INFO] (base_handler.py:base_handler:115): Authorization header not found
2026-05-07,03:21:08 [DEBUG] (base_handler.py:base_handler:115): authentication not required, username and password are none
2026-05-07,03:21:08 [DEBUG] (state.py:state:526): Collecting Access-Control-Allow-Origin from state file ...
2026-05-07,03:21:08 [DEBUG] (state.py:state:628): Loading option 'Access-Control-Allow-Origin' from section [Service Info]...
2026-05-07,03:21:08 [DEBUG] (state.py:state:650): Returning value ''
2026-05-07,03:21:08 [DEBUG] (state.py:state:628): Loading option 'Access-Control-Allow-Headers' from section [Service Info]...
2026-05-07,03:21:08 [DEBUG] (state.py:state:650): Returning value ''
2026-05-07,03:21:08 [DEBUG] (state.py:state:628): Loading option 'Access-Control-Allow-Methods' from section [Service Info]...
2026-05-07,03:21:08 [DEBUG] (state.py:state:650): Returning value ''
2026-05-07,03:21:08 [DEBUG] (base_handler.py:base_handler:115): Processing POST request...
2026-05-07,03:21:08 [INFO] (base_handler.py:base_handler:115): function to evaluate=def _user_script(tabpy, _arg1):
 import pandas as pd
 def get_output_schema():
 	return 'a78715c4-973c-4d05-bba8-b0b3709c1293'
 def prep_string():
 	return ['prep_string_type']
 def prep_bool():
 	return ['prep_bool_type']
 def prep_int():
 	return ['prep_int_type']
 def prep_decimal():
     return ['prep_decimal_type']
 def prep_date():
 	return ['prep_date_type']
 def prep_datetime():
 	return ['prep_datetime_type']
 import pandas as pd
 
 
 def get_output_schema():
     return pd.DataFrame({
         'Employee_ID':                    prep_string(),
         'Employee_Name':                  prep_string(),
         'Department':                     prep_string(),
         'Age':                            prep_int(),
         'Salary':                         prep_int(),
         'Hire_Date':                      prep_string(),
         'City':                           prep_string(),
         'Average_Salary_All_Employees':   prep_decimal(),
         'Oldest_Employee_Name':           prep_string(),
         'Oldest_Employee_Department':     prep_string()
     })
 
 
 def filter_and_enrich(df):
     # Step 1: Compute metrics across ALL employees BEFORE filtering
     avg_salary = df['Salary'].mean()
     oldest_row = df.loc[df['Age'].idxmax()]
     oldest_name = oldest_row['Employee_Name']
     oldest_dept = oldest_row['Department']
 
     # Step 2: Add new columns
     df['Average_Salary_All_Employees'] = avg_salary
     df['Oldest_Employee_Name'] = oldest_name
     df['Oldest_Employee_Department'] = oldest_dept
 
     # Step 3: Filter to IT department only
     it_df = df[df['Department'] == 'IT'].copy()
 
     # Step 4: Force column order explicitly
     it_df = it_df[['Employee_ID', 'Employee_Name', 'Department', 'Age', 'Salary',
                    'Hire_Date', 'City',
                    'Average_Salary_All_Employees',
                    'Oldest_Employee_Name',
                    'Oldest_Employee_Department']]
 
     return it_df
 
 
 # Run it (for testing outside Tableau Prep)
 if __name__ == '__main__':
     df = pd.read_csv('employee_tableau_prep_python_sample.csv')
     result = filter_and_enrich(df)
 
     print("=== IT Department Employees ===")
     print(result[['Employee_Name', 'Department', 'Age', 'Salary',
                   'Average_Salary_All_Employees',
                   'Oldest_Employee_Name',
                   'Oldest_Employee_Department']].to_string(index=False))
 def get_output_schema_6fdead12c033435b923f5cd1b1ec67aa(df = pd.DataFrame()):
     import inspect
     if len(inspect.getfullargspec(get_output_schema).args) == 0:
         return get_output_schema()
     else:
         return get_output_schema(df)
 result_schema_output = get_output_schema_6fdead12c033435b923f5cd1b1ec67aa(pd.DataFrame(_arg1))
 return result_schema_output.to_dict(orient='split') if isinstance(result_schema_output, pd.DataFrame) else result_schema_output

2026-05-07,03:21:08 [INFO] (web.py:web:2439): 200 POST /evaluate (127.0.0.1) 5.54ms
2026-05-07,03:21:09 [DEBUG] (base_handler.py:base_handler:115): Checking if need to handle authentication
2026-05-07,03:21:09 [DEBUG] (base_handler.py:base_handler:115): Handling authentication
2026-05-07,03:21:09 [INFO] (base_handler.py:base_handler:115): Authentication is not a required feature for API "v1"
2026-05-07,03:21:09 [DEBUG] (base_handler.py:base_handler:115): Checking request headers for authentication data
2026-05-07,03:21:09 [INFO] (base_handler.py:base_handler:115): Authorization header not found
2026-05-07,03:21:09 [DEBUG] (base_handler.py:base_handler:115): authentication not required, username and password are none
2026-05-07,03:21:09 [DEBUG] (state.py:state:526): Collecting Access-Control-Allow-Origin from state file ...
2026-05-07,03:21:09 [DEBUG] (state.py:state:628): Loading option 'Access-Control-Allow-Origin' from section [Service Info]...
2026-05-07,03:21:09 [DEBUG] (state.py:state:650): Returning value ''
2026-05-07,03:21:09 [DEBUG] (state.py:state:628): Loading option 'Access-Control-Allow-Headers' from section [Service Info]...
2026-05-07,03:21:09 [DEBUG] (state.py:state:650): Returning value ''
2026-05-07,03:21:09 [DEBUG] (state.py:state:628): Loading option 'Access-Control-Allow-Methods' from section [Service Info]...
2026-05-07,03:21:09 [DEBUG] (state.py:state:650): Returning value ''
2026-05-07,03:21:09 [DEBUG] (base_handler.py:base_handler:115): Processing POST request...
2026-05-07,03:21:09 [INFO] (base_handler.py:base_handler:115): function to evaluate=def _user_script(tabpy, _arg1):
 import pandas as pd
 def get_output_schema():
 	return 'a78715c4-973c-4d05-bba8-b0b3709c1293'
 def prep_string():
 	return ['prep_string_type']
 def prep_bool():
 	return ['prep_bool_type']
 def prep_int():
 	return ['prep_int_type']
 def prep_decimal():
     return ['prep_decimal_type']
 def prep_date():
 	return ['prep_date_type']
 def prep_datetime():
 	return ['prep_datetime_type']
 import pandas as pd
 
 
 def get_output_schema():
     return pd.DataFrame({
         'Employee_ID':                    prep_string(),
         'Employee_Name':                  prep_string(),
         'Department':                     prep_string(),
         'Age':                            prep_int(),
         'Salary':                         prep_int(),
         'Hire_Date':                      prep_string(),
         'City':                           prep_string(),
         'Average_Salary_All_Employees':   prep_decimal(),
         'Oldest_Employee_Name':           prep_string(),
         'Oldest_Employee_Department':     prep_string()
     })
 
 
 def filter_and_enrich(df):
     # Step 1: Compute metrics across ALL employees BEFORE filtering
     avg_salary = df['Salary'].mean()
     oldest_row = df.loc[df['Age'].idxmax()]
     oldest_name = oldest_row['Employee_Name']
     oldest_dept = oldest_row['Department']
 
     # Step 2: Add new columns
     df['Average_Salary_All_Employees'] = avg_salary
     df['Oldest_Employee_Name'] = oldest_name
     df['Oldest_Employee_Department'] = oldest_dept
 
     # Step 3: Filter to IT department only
     it_df = df[df['Department'] == 'IT'].copy()
 
     # Step 4: Force column order explicitly
     it_df = it_df[['Employee_ID', 'Employee_Name', 'Department', 'Age', 'Salary',
                    'Hire_Date', 'City',
                    'Average_Salary_All_Employees',
                    'Oldest_Employee_Name',
                    'Oldest_Employee_Department']]
 
     return it_df
 
 
 # Run it (for testing outside Tableau Prep)
 if __name__ == '__main__':
     df = pd.read_csv('employee_tableau_prep_python_sample.csv')
     result = filter_and_enrich(df)
 
     print("=== IT Department Employees ===")
     print(result[['Employee_Name', 'Department', 'Age', 'Salary',
                   'Average_Salary_All_Employees',
                   'Oldest_Employee_Name',
                   'Oldest_Employee_Department']].to_string(index=False))
 def get_output_schema_6fdead12c033435b923f5cd1b1ec67aa(df = pd.DataFrame()):
     import inspect
     if len(inspect.getfullargspec(get_output_schema).args) == 0:
         return get_output_schema()
     else:
         return get_output_schema(df)
 result_schema_output = get_output_schema_6fdead12c033435b923f5cd1b1ec67aa(pd.DataFrame(_arg1))
 return result_schema_output.to_dict(orient='split') if isinstance(result_schema_output, pd.DataFrame) else result_schema_output

2026-05-07,03:21:09 [INFO] (web.py:web:2439): 200 POST /evaluate (127.0.0.1) 4.09ms
2026-05-07,03:21:09 [DEBUG] (base_handler.py:base_handler:115): Checking if need to handle authentication
2026-05-07,03:21:09 [DEBUG] (base_handler.py:base_handler:115): Handling authentication
2026-05-07,03:21:09 [INFO] (base_handler.py:base_handler:115): Authentication is not a required feature for API "v1"
2026-05-07,03:21:09 [DEBUG] (base_handler.py:base_handler:115): Checking request headers for authentication data
2026-05-07,03:21:09 [INFO] (base_handler.py:base_handler:115): Authorization header not found
2026-05-07,03:21:09 [DEBUG] (base_handler.py:base_handler:115): authentication not required, username and password are none
2026-05-07,03:21:09 [DEBUG] (state.py:state:526): Collecting Access-Control-Allow-Origin from state file ...
2026-05-07,03:21:09 [DEBUG] (state.py:state:628): Loading option 'Access-Control-Allow-Origin' from section [Service Info]...
2026-05-07,03:21:09 [DEBUG] (state.py:state:650): Returning value ''
2026-05-07,03:21:09 [DEBUG] (state.py:state:628): Loading option 'Access-Control-Allow-Headers' from section [Service Info]...
2026-05-07,03:21:09 [DEBUG] (state.py:state:650): Returning value ''
2026-05-07,03:21:09 [DEBUG] (state.py:state:628): Loading option 'Access-Control-Allow-Methods' from section [Service Info]...
2026-05-07,03:21:09 [DEBUG] (state.py:state:650): Returning value ''
2026-05-07,03:21:09 [DEBUG] (base_handler.py:base_handler:115): Processing POST request...
2026-05-07,03:21:09 [INFO] (base_handler.py:base_handler:115): function to evaluate=def _user_script(tabpy, _arg1):
 import pandas as pd
 def get_output_schema():
 	return 'a78715c4-973c-4d05-bba8-b0b3709c1293'
 def prep_string():
 	return ['prep_string_type']
 def prep_bool():
 	return ['prep_bool_type']
 def prep_int():
 	return ['prep_int_type']
 def prep_decimal():
     return ['prep_decimal_type']
 def prep_date():
 	return ['prep_date_type']
 def prep_datetime():
 	return ['prep_datetime_type']
 import pandas as pd
 
 
 def get_output_schema():
     return pd.DataFrame({
         'Employee_ID':                    prep_string(),
         'Employee_Name':                  prep_string(),
         'Department':                     prep_string(),
         'Age':                            prep_int(),
         'Salary':                         prep_int(),
         'Hire_Date':                      prep_string(),
         'City':                           prep_string(),
         'Average_Salary_All_Employees':   prep_decimal(),
         'Oldest_Employee_Name':           prep_string(),
         'Oldest_Employee_Department':     prep_string()
     })
 
 
 def filter_and_enrich(df):
     # Step 1: Compute metrics across ALL employees BEFORE filtering
     avg_salary = df['Salary'].mean()
     oldest_row = df.loc[df['Age'].idxmax()]
     oldest_name = oldest_row['Employee_Name']
     oldest_dept = oldest_row['Department']
 
     # Step 2: Add new columns
     df['Average_Salary_All_Employees'] = avg_salary
     df['Oldest_Employee_Name'] = oldest_name
     df['Oldest_Employee_Department'] = oldest_dept
 
     # Step 3: Filter to IT department only
     it_df = df[df['Department'] == 'IT'].copy()
 
     # Step 4: Force column order explicitly
     it_df = it_df[['Employee_ID', 'Employee_Name', 'Department', 'Age', 'Salary',
                    'Hire_Date', 'City',
                    'Average_Salary_All_Employees',
                    'Oldest_Employee_Name',
                    'Oldest_Employee_Department']]
 
     return it_df
 
 
 # Run it (for testing outside Tableau Prep)
 if __name__ == '__main__':
     df = pd.read_csv('employee_tableau_prep_python_sample.csv')
     result = filter_and_enrich(df)
 
     print("=== IT Department Employees ===")
     print(result[['Employee_Name', 'Department', 'Age', 'Salary',
                   'Average_Salary_All_Employees',
                   'Oldest_Employee_Name',
                   'Oldest_Employee_Department']].to_string(index=False))
 def get_output_schema_6fdead12c033435b923f5cd1b1ec67aa(df = pd.DataFrame()):
     import inspect
     if len(inspect.getfullargspec(get_output_schema).args) == 0:
         return get_output_schema()
     else:
         return get_output_schema(df)
 result_schema_output = get_output_schema_6fdead12c033435b923f5cd1b1ec67aa(pd.DataFrame(_arg1))
 return result_schema_output.to_dict(orient='split') if isinstance(result_schema_output, pd.DataFrame) else result_schema_output

2026-05-07,03:21:09 [INFO] (web.py:web:2439): 200 POST /evaluate (127.0.0.1) 4.10ms
2026-05-07,03:21:09 [DEBUG] (base_handler.py:base_handler:115): Checking if need to handle authentication
2026-05-07,03:21:09 [DEBUG] (base_handler.py:base_handler:115): Handling authentication
2026-05-07,03:21:09 [INFO] (base_handler.py:base_handler:115): Authentication is not a required feature for API "v1"
2026-05-07,03:21:09 [DEBUG] (base_handler.py:base_handler:115): Checking request headers for authentication data
2026-05-07,03:21:09 [INFO] (base_handler.py:base_handler:115): Authorization header not found
2026-05-07,03:21:09 [DEBUG] (base_handler.py:base_handler:115): authentication not required, username and password are none
2026-05-07,03:21:09 [DEBUG] (state.py:state:526): Collecting Access-Control-Allow-Origin from state file ...
2026-05-07,03:21:09 [DEBUG] (state.py:state:628): Loading option 'Access-Control-Allow-Origin' from section [Service Info]...
2026-05-07,03:21:09 [DEBUG] (state.py:state:650): Returning value ''
2026-05-07,03:21:09 [DEBUG] (state.py:state:628): Loading option 'Access-Control-Allow-Headers' from section [Service Info]...
2026-05-07,03:21:09 [DEBUG] (state.py:state:650): Returning value ''
2026-05-07,03:21:09 [DEBUG] (state.py:state:628): Loading option 'Access-Control-Allow-Methods' from section [Service Info]...
2026-05-07,03:21:09 [DEBUG] (state.py:state:650): Returning value ''
2026-05-07,03:21:09 [DEBUG] (base_handler.py:base_handler:115): Processing POST request...
2026-05-07,03:21:09 [INFO] (base_handler.py:base_handler:115): function to evaluate=def _user_script(tabpy, _arg1):
 import pandas as pd
 import pandas as pd
 
 
 def get_output_schema():
     return pd.DataFrame({
         'Employee_ID':                    prep_string(),
         'Employee_Name':                  prep_string(),
         'Department':                     prep_string(),
         'Age':                            prep_int(),
         'Salary':                         prep_int(),
         'Hire_Date':                      prep_string(),
         'City':                           prep_string(),
         'Average_Salary_All_Employees':   prep_decimal(),
         'Oldest_Employee_Name':           prep_string(),
         'Oldest_Employee_Department':     prep_string()
     })
 
 
 def filter_and_enrich(df):
     # Step 1: Compute metrics across ALL employees BEFORE filtering
     avg_salary = df['Salary'].mean()
     oldest_row = df.loc[df['Age'].idxmax()]
     oldest_name = oldest_row['Employee_Name']
     oldest_dept = oldest_row['Department']
 
     # Step 2: Add new columns
     df['Average_Salary_All_Employees'] = avg_salary
     df['Oldest_Employee_Name'] = oldest_name
     df['Oldest_Employee_Department'] = oldest_dept
 
     # Step 3: Filter to IT department only
     it_df = df[df['Department'] == 'IT'].copy()
 
     # Step 4: Force column order explicitly
     it_df = it_df[['Employee_ID', 'Employee_Name', 'Department', 'Age', 'Salary',
                    'Hire_Date', 'City',
                    'Average_Salary_All_Employees',
                    'Oldest_Employee_Name',
                    'Oldest_Employee_Department']]
 
     return it_df
 
 
 # Run it (for testing outside Tableau Prep)
 if __name__ == '__main__':
     df = pd.read_csv('employee_tableau_prep_python_sample.csv')
     result = filter_and_enrich(df)
 
     print("=== IT Department Employees ===")
     print(result[['Employee_Name', 'Department', 'Age', 'Salary',
                   'Average_Salary_All_Employees',
                   'Oldest_Employee_Name',
                   'Oldest_Employee_Department']].to_string(index=False))
 execution_result = filter_and_enrich(pd.DataFrame(_arg1))
 return execution_result.to_dict(orient='list') if isinstance(execution_result, pd.DataFrame) else execution_result

2026-05-07,03:21:09 [INFO] (web.py:web:2439): 200 POST /evaluate (127.0.0.1) 7.76ms
2026-05-07,03:21:14 [DEBUG] (base_handler.py:base_handler:115): Checking if need to handle authentication
2026-05-07,03:21:14 [DEBUG] (base_handler.py:base_handler:115): Handling authentication
2026-05-07,03:21:14 [INFO] (base_handler.py:base_handler:115): Authentication is not a required feature for API "v1"
2026-05-07,03:21:14 [DEBUG] (base_handler.py:base_handler:115): Checking request headers for authentication data
2026-05-07,03:21:14 [INFO] (base_handler.py:base_handler:115): Authorization header not found
2026-05-07,03:21:14 [DEBUG] (base_handler.py:base_handler:115): authentication not required, username and password are none
2026-05-07,03:21:14 [DEBUG] (state.py:state:526): Collecting Access-Control-Allow-Origin from state file ...
2026-05-07,03:21:14 [DEBUG] (state.py:state:628): Loading option 'Access-Control-Allow-Origin' from section [Service Info]...
2026-05-07,03:21:14 [DEBUG] (state.py:state:650): Returning value ''
2026-05-07,03:21:14 [DEBUG] (state.py:state:628): Loading option 'Access-Control-Allow-Headers' from section [Service Info]...
2026-05-07,03:21:14 [DEBUG] (state.py:state:650): Returning value ''
2026-05-07,03:21:14 [DEBUG] (state.py:state:628): Loading option 'Access-Control-Allow-Methods' from section [Service Info]...
2026-05-07,03:21:14 [DEBUG] (state.py:state:650): Returning value ''
2026-05-07,03:21:14 [DEBUG] (base_handler.py:base_handler:115): Processing POST request...
2026-05-07,03:21:14 [INFO] (base_handler.py:base_handler:115): function to evaluate=def _user_script(tabpy, _arg1):
 import pandas as pd
 def get_output_schema():
 	return 'a78715c4-973c-4d05-bba8-b0b3709c1293'
 def prep_string():
 	return ['prep_string_type']
 def prep_bool():
 	return ['prep_bool_type']
 def prep_int():
 	return ['prep_int_type']
 def prep_decimal():
     return ['prep_decimal_type']
 def prep_date():
 	return ['prep_date_type']
 def prep_datetime():
 	return ['prep_datetime_type']
 import pandas as pd
 
 
 def get_output_schema():
     return pd.DataFrame({
         'Employee_ID':                    prep_string(),
         'Employee_Name':                  prep_string(),
         'Department':                     prep_string(),
         'Age':                            prep_int(),
         'Salary':                         prep_int(),
         'Hire_Date':                      prep_string(),
         'City':                           prep_string(),
         'Average_Salary_All_Employees':   prep_decimal(),
         'Oldest_Employee_Name':           prep_string(),
         'Oldest_Employee_Department':     prep_string()
     })
 
 
 def filter_and_enrich(df):
     # Step 1: Compute metrics across ALL employees BEFORE filtering
     avg_salary = df['Salary'].mean()
     oldest_row = df.loc[df['Age'].idxmax()]
     oldest_name = oldest_row['Employee_Name']
     oldest_dept = oldest_row['Department']
 
     # Step 2: Add new columns
     df['Average_Salary_All_Employees'] = avg_salary
     df['Oldest_Employee_Name'] = oldest_name
     df['Oldest_Employee_Department'] = oldest_dept
 
     # Step 3: Filter to IT department only
     it_df = df[df['Department'] == 'IT'].copy()
 
     # Step 4: Force column order explicitly
     it_df = it_df[['Employee_ID', 'Employee_Name', 'Department', 'Age', 'Salary',
                    'Hire_Date', 'City',
                    'Average_Salary_All_Employees',
                    'Oldest_Employee_Name',
                    'Oldest_Employee_Department']]
 
     return it_df
 
 
 # Run it (for testing outside Tableau Prep)
 if __name__ == '__main__':
     df = pd.read_csv('employee_tableau_prep_python_sample.csv')
     result = filter_and_enrich(df)
 
     print("=== IT Department Employees ===")
     print(result[['Employee_Name', 'Department', 'Age', 'Salary',
                   'Average_Salary_All_Employees',
                   'Oldest_Employee_Name',
                   'Oldest_Employee_Department']].to_string(index=False))
 def get_output_schema_6fdead12c033435b923f5cd1b1ec67aa(df = pd.DataFrame()):
     import inspect
     if len(inspect.getfullargspec(get_output_schema).args) == 0:
         return get_output_schema()
     else:
         return get_output_schema(df)
 result_schema_output = get_output_schema_6fdead12c033435b923f5cd1b1ec67aa(pd.DataFrame(_arg1))
 return result_schema_output.to_dict(orient='split') if isinstance(result_schema_output, pd.DataFrame) else result_schema_output

2026-05-07,03:21:14 [INFO] (web.py:web:2439): 200 POST /evaluate (127.0.0.1) 4.02ms
2026-05-07,03:21:14 [DEBUG] (base_handler.py:base_handler:115): Checking if need to handle authentication
2026-05-07,03:21:14 [DEBUG] (base_handler.py:base_handler:115): Handling authentication
2026-05-07,03:21:14 [INFO] (base_handler.py:base_handler:115): Authentication is not a required feature for API "v1"
2026-05-07,03:21:14 [DEBUG] (base_handler.py:base_handler:115): Checking request headers for authentication data
2026-05-07,03:21:14 [INFO] (base_handler.py:base_handler:115): Authorization header not found
2026-05-07,03:21:14 [DEBUG] (base_handler.py:base_handler:115): authentication not required, username and password are none
2026-05-07,03:21:14 [DEBUG] (state.py:state:526): Collecting Access-Control-Allow-Origin from state file ...
2026-05-07,03:21:14 [DEBUG] (state.py:state:628): Loading option 'Access-Control-Allow-Origin' from section [Service Info]...
2026-05-07,03:21:14 [DEBUG] (state.py:state:650): Returning value ''
2026-05-07,03:21:14 [DEBUG] (state.py:state:628): Loading option 'Access-Control-Allow-Headers' from section [Service Info]...
2026-05-07,03:21:14 [DEBUG] (state.py:state:650): Returning value ''
2026-05-07,03:21:14 [DEBUG] (state.py:state:628): Loading option 'Access-Control-Allow-Methods' from section [Service Info]...
2026-05-07,03:21:14 [DEBUG] (state.py:state:650): Returning value ''
2026-05-07,03:21:14 [DEBUG] (base_handler.py:base_handler:115): Processing POST request...
2026-05-07,03:21:14 [INFO] (base_handler.py:base_handler:115): function to evaluate=def _user_script(tabpy, _arg1):
 import pandas as pd
 def get_output_schema():
 	return 'a78715c4-973c-4d05-bba8-b0b3709c1293'
 def prep_string():
 	return ['prep_string_type']
 def prep_bool():
 	return ['prep_bool_type']
 def prep_int():
 	return ['prep_int_type']
 def prep_decimal():
     return ['prep_decimal_type']
 def prep_date():
 	return ['prep_date_type']
 def prep_datetime():
 	return ['prep_datetime_type']
 import pandas as pd
 
 
 def get_output_schema():
     return pd.DataFrame({
         'Employee_ID':                    prep_string(),
         'Employee_Name':                  prep_string(),
         'Department':                     prep_string(),
         'Age':                            prep_int(),
         'Salary':                         prep_int(),
         'Hire_Date':                      prep_string(),
         'City':                           prep_string(),
         'Average_Salary_All_Employees':   prep_decimal(),
         'Oldest_Employee_Name':           prep_string(),
         'Oldest_Employee_Department':     prep_string()
     })
 
 
 def filter_and_enrich(df):
     # Step 1: Compute metrics across ALL employees BEFORE filtering
     avg_salary = df['Salary'].mean()
     oldest_row = df.loc[df['Age'].idxmax()]
     oldest_name = oldest_row['Employee_Name']
     oldest_dept = oldest_row['Department']
 
     # Step 2: Add new columns
     df['Average_Salary_All_Employees'] = avg_salary
     df['Oldest_Employee_Name'] = oldest_name
     df['Oldest_Employee_Department'] = oldest_dept
 
     # Step 3: Filter to IT department only
     it_df = df[df['Department'] == 'IT'].copy()
 
     # Step 4: Force column order explicitly
     it_df = it_df[['Employee_ID', 'Employee_Name', 'Department', 'Age', 'Salary',
                    'Hire_Date', 'City',
                    'Average_Salary_All_Employees',
                    'Oldest_Employee_Name',
                    'Oldest_Employee_Department']]
 
     return it_df
 
 
 # Run it (for testing outside Tableau Prep)
 if __name__ == '__main__':
     df = pd.read_csv('employee_tableau_prep_python_sample.csv')
     result = filter_and_enrich(df)
 
     print("=== IT Department Employees ===")
     print(result[['Employee_Name', 'Department', 'Age', 'Salary',
                   'Average_Salary_All_Employees',
                   'Oldest_Employee_Name',
                   'Oldest_Employee_Department']].to_string(index=False))
 def get_output_schema_6fdead12c033435b923f5cd1b1ec67aa(df = pd.DataFrame()):
     import inspect
     if len(inspect.getfullargspec(get_output_schema).args) == 0:
         return get_output_schema()
     else:
         return get_output_schema(df)
 result_schema_output = get_output_schema_6fdead12c033435b923f5cd1b1ec67aa(pd.DataFrame(_arg1))
 return result_schema_output.to_dict(orient='split') if isinstance(result_schema_output, pd.DataFrame) else result_schema_output

2026-05-07,03:21:14 [INFO] (web.py:web:2439): 200 POST /evaluate (127.0.0.1) 4.14ms
2026-05-07,03:21:15 [DEBUG] (base_handler.py:base_handler:115): Checking if need to handle authentication
2026-05-07,03:21:15 [DEBUG] (base_handler.py:base_handler:115): Handling authentication
2026-05-07,03:21:15 [INFO] (base_handler.py:base_handler:115): Authentication is not a required feature for API "v1"
2026-05-07,03:21:15 [DEBUG] (base_handler.py:base_handler:115): Checking request headers for authentication data
2026-05-07,03:21:15 [INFO] (base_handler.py:base_handler:115): Authorization header not found
2026-05-07,03:21:15 [DEBUG] (base_handler.py:base_handler:115): authentication not required, username and password are none
2026-05-07,03:21:15 [DEBUG] (state.py:state:526): Collecting Access-Control-Allow-Origin from state file ...
2026-05-07,03:21:15 [DEBUG] (state.py:state:628): Loading option 'Access-Control-Allow-Origin' from section [Service Info]...
2026-05-07,03:21:15 [DEBUG] (state.py:state:650): Returning value ''
2026-05-07,03:21:15 [DEBUG] (state.py:state:628): Loading option 'Access-Control-Allow-Headers' from section [Service Info]...
2026-05-07,03:21:15 [DEBUG] (state.py:state:650): Returning value ''
2026-05-07,03:21:15 [DEBUG] (state.py:state:628): Loading option 'Access-Control-Allow-Methods' from section [Service Info]...
2026-05-07,03:21:15 [DEBUG] (state.py:state:650): Returning value ''
2026-05-07,03:21:15 [DEBUG] (base_handler.py:base_handler:115): Processing POST request...
2026-05-07,03:21:15 [INFO] (base_handler.py:base_handler:115): function to evaluate=def _user_script(tabpy, _arg1):
 import pandas as pd
 import pandas as pd
 
 
 def get_output_schema():
     return pd.DataFrame({
         'Employee_ID':                    prep_string(),
         'Employee_Name':                  prep_string(),
         'Department':                     prep_string(),
         'Age':                            prep_int(),
         'Salary':                         prep_int(),
         'Hire_Date':                      prep_string(),
         'City':                           prep_string(),
         'Average_Salary_All_Employees':   prep_decimal(),
         'Oldest_Employee_Name':           prep_string(),
         'Oldest_Employee_Department':     prep_string()
     })
 
 
 def filter_and_enrich(df):
     # Step 1: Compute metrics across ALL employees BEFORE filtering
     avg_salary = df['Salary'].mean()
     oldest_row = df.loc[df['Age'].idxmax()]
     oldest_name = oldest_row['Employee_Name']
     oldest_dept = oldest_row['Department']
 
     # Step 2: Add new columns
     df['Average_Salary_All_Employees'] = avg_salary
     df['Oldest_Employee_Name'] = oldest_name
     df['Oldest_Employee_Department'] = oldest_dept
 
     # Step 3: Filter to IT department only
     it_df = df[df['Department'] == 'IT'].copy()
 
     # Step 4: Force column order explicitly
     it_df = it_df[['Employee_ID', 'Employee_Name', 'Department', 'Age', 'Salary',
                    'Hire_Date', 'City',
                    'Average_Salary_All_Employees',
                    'Oldest_Employee_Name',
                    'Oldest_Employee_Department']]
 
     return it_df
 
 
 # Run it (for testing outside Tableau Prep)
 if __name__ == '__main__':
     df = pd.read_csv('employee_tableau_prep_python_sample.csv')
     result = filter_and_enrich(df)
 
     print("=== IT Department Employees ===")
     print(result[['Employee_Name', 'Department', 'Age', 'Salary',
                   'Average_Salary_All_Employees',
                   'Oldest_Employee_Name',
                   'Oldest_Employee_Department']].to_string(index=False))
 execution_result = filter_and_enrich(pd.DataFrame(_arg1))
 return execution_result.to_dict(orient='list') if isinstance(execution_result, pd.DataFrame) else execution_result

2026-05-07,03:21:15 [INFO] (web.py:web:2439): 200 POST /evaluate (127.0.0.1) 7.05ms
2026-05-07,03:21:17 [DEBUG] (base_handler.py:base_handler:115): Checking if need to handle authentication
2026-05-07,03:21:17 [DEBUG] (base_handler.py:base_handler:115): Handling authentication
2026-05-07,03:21:17 [INFO] (base_handler.py:base_handler:115): Authentication is not a required feature for API "v1"
2026-05-07,03:21:17 [DEBUG] (base_handler.py:base_handler:115): Checking request headers for authentication data
2026-05-07,03:21:17 [INFO] (base_handler.py:base_handler:115): Authorization header not found
2026-05-07,03:21:17 [DEBUG] (base_handler.py:base_handler:115): authentication not required, username and password are none
2026-05-07,03:21:17 [DEBUG] (state.py:state:526): Collecting Access-Control-Allow-Origin from state file ...
2026-05-07,03:21:17 [DEBUG] (state.py:state:628): Loading option 'Access-Control-Allow-Origin' from section [Service Info]...
2026-05-07,03:21:17 [DEBUG] (state.py:state:650): Returning value ''
2026-05-07,03:21:17 [DEBUG] (state.py:state:628): Loading option 'Access-Control-Allow-Headers' from section [Service Info]...
2026-05-07,03:21:17 [DEBUG] (state.py:state:650): Returning value ''
2026-05-07,03:21:17 [DEBUG] (state.py:state:628): Loading option 'Access-Control-Allow-Methods' from section [Service Info]...
2026-05-07,03:21:17 [DEBUG] (state.py:state:650): Returning value ''
2026-05-07,03:21:17 [DEBUG] (base_handler.py:base_handler:115): Processing POST request...
2026-05-07,03:21:17 [INFO] (base_handler.py:base_handler:115): function to evaluate=def _user_script(tabpy, _arg1):
 import pandas as pd
 def get_output_schema():
 	return 'a78715c4-973c-4d05-bba8-b0b3709c1293'
 def prep_string():
 	return ['prep_string_type']
 def prep_bool():
 	return ['prep_bool_type']
 def prep_int():
 	return ['prep_int_type']
 def prep_decimal():
     return ['prep_decimal_type']
 def prep_date():
 	return ['prep_date_type']
 def prep_datetime():
 	return ['prep_datetime_type']
 import pandas as pd
 
 
 def get_output_schema():
     return pd.DataFrame({
         'Employee_ID':                    prep_string(),
         'Employee_Name':                  prep_string(),
         'Department':                     prep_string(),
         'Age':                            prep_int(),
         'Salary':                         prep_int(),
         'Hire_Date':                      prep_string(),
         'City':                           prep_string(),
         'Average_Salary_All_Employees':   prep_decimal(),
         'Oldest_Employee_Name':           prep_string(),
         'Oldest_Employee_Department':     prep_string()
     })
 
 
 def filter_and_enrich(df):
     # Step 1: Compute metrics across ALL employees BEFORE filtering
     avg_salary = df['Salary'].mean()
     oldest_row = df.loc[df['Age'].idxmax()]
     oldest_name = oldest_row['Employee_Name']
     oldest_dept = oldest_row['Department']
 
     # Step 2: Add new columns
     df['Average_Salary_All_Employees'] = avg_salary
     df['Oldest_Employee_Name'] = oldest_name
     df['Oldest_Employee_Department'] = oldest_dept
 
     # Step 3: Filter to IT department only
     it_df = df[df['Department'] == 'IT'].copy()
 
     # Step 4: Force column order explicitly
     it_df = it_df[['Employee_ID', 'Employee_Name', 'Department', 'Age', 'Salary',
                    'Hire_Date', 'City',
                    'Average_Salary_All_Employees',
                    'Oldest_Employee_Name',
                    'Oldest_Employee_Department']]
 
     return it_df
 
 
 # Run it (for testing outside Tableau Prep)
 if __name__ == '__main__':
     df = pd.read_csv('employee_tableau_prep_python_sample.csv')
     result = filter_and_enrich(df)
 
     print("=== IT Department Employees ===")
     print(result[['Employee_Name', 'Department', 'Age', 'Salary',
                   'Average_Salary_All_Employees',
                   'Oldest_Employee_Name',
                   'Oldest_Employee_Department']].to_string(index=False))
 def get_output_schema_6fdead12c033435b923f5cd1b1ec67aa(df = pd.DataFrame()):
     import inspect
     if len(inspect.getfullargspec(get_output_schema).args) == 0:
         return get_output_schema()
     else:
         return get_output_schema(df)
 result_schema_output = get_output_schema_6fdead12c033435b923f5cd1b1ec67aa(pd.DataFrame(_arg1))
 return result_schema_output.to_dict(orient='split') if isinstance(result_schema_output, pd.DataFrame) else result_schema_output

2026-05-07,03:21:17 [INFO] (web.py:web:2439): 200 POST /evaluate (127.0.0.1) 4.81ms
2026-05-07,03:21:17 [DEBUG] (base_handler.py:base_handler:115): Checking if need to handle authentication
2026-05-07,03:21:17 [DEBUG] (base_handler.py:base_handler:115): Handling authentication
2026-05-07,03:21:17 [INFO] (base_handler.py:base_handler:115): Authentication is not a required feature for API "v1"
2026-05-07,03:21:17 [DEBUG] (base_handler.py:base_handler:115): Checking request headers for authentication data
2026-05-07,03:21:17 [INFO] (base_handler.py:base_handler:115): Authorization header not found
2026-05-07,03:21:17 [DEBUG] (base_handler.py:base_handler:115): authentication not required, username and password are none
2026-05-07,03:21:17 [DEBUG] (state.py:state:526): Collecting Access-Control-Allow-Origin from state file ...
2026-05-07,03:21:17 [DEBUG] (state.py:state:628): Loading option 'Access-Control-Allow-Origin' from section [Service Info]...
2026-05-07,03:21:17 [DEBUG] (state.py:state:650): Returning value ''
2026-05-07,03:21:17 [DEBUG] (state.py:state:628): Loading option 'Access-Control-Allow-Headers' from section [Service Info]...
2026-05-07,03:21:17 [DEBUG] (state.py:state:650): Returning value ''
2026-05-07,03:21:17 [DEBUG] (state.py:state:628): Loading option 'Access-Control-Allow-Methods' from section [Service Info]...
2026-05-07,03:21:17 [DEBUG] (state.py:state:650): Returning value ''
2026-05-07,03:21:17 [DEBUG] (base_handler.py:base_handler:115): Processing POST request...
2026-05-07,03:21:17 [INFO] (base_handler.py:base_handler:115): function to evaluate=def _user_script(tabpy, _arg1):
 import pandas as pd
 def get_output_schema():
 	return 'a78715c4-973c-4d05-bba8-b0b3709c1293'
 def prep_string():
 	return ['prep_string_type']
 def prep_bool():
 	return ['prep_bool_type']
 def prep_int():
 	return ['prep_int_type']
 def prep_decimal():
     return ['prep_decimal_type']
 def prep_date():
 	return ['prep_date_type']
 def prep_datetime():
 	return ['prep_datetime_type']
 import pandas as pd
 
 
 def get_output_schema():
     return pd.DataFrame({
         'Employee_ID':                    prep_string(),
         'Employee_Name':                  prep_string(),
         'Department':                     prep_string(),
         'Age':                            prep_int(),
         'Salary':                         prep_int(),
         'Hire_Date':                      prep_string(),
         'City':                           prep_string(),
         'Average_Salary_All_Employees':   prep_decimal(),
         'Oldest_Employee_Name':           prep_string(),
         'Oldest_Employee_Department':     prep_string()
     })
 
 
 def filter_and_enrich(df):
     # Step 1: Compute metrics across ALL employees BEFORE filtering
     avg_salary = df['Salary'].mean()
     oldest_row = df.loc[df['Age'].idxmax()]
     oldest_name = oldest_row['Employee_Name']
     oldest_dept = oldest_row['Department']
 
     # Step 2: Add new columns
     df['Average_Salary_All_Employees'] = avg_salary
     df['Oldest_Employee_Name'] = oldest_name
     df['Oldest_Employee_Department'] = oldest_dept
 
     # Step 3: Filter to IT department only
     it_df = df[df['Department'] == 'IT'].copy()
 
     # Step 4: Force column order explicitly
     it_df = it_df[['Employee_ID', 'Employee_Name', 'Department', 'Age', 'Salary',
                    'Hire_Date', 'City',
                    'Average_Salary_All_Employees',
                    'Oldest_Employee_Name',
                    'Oldest_Employee_Department']]
 
     return it_df
 
 
 # Run it (for testing outside Tableau Prep)
 if __name__ == '__main__':
     df = pd.read_csv('employee_tableau_prep_python_sample.csv')
     result = filter_and_enrich(df)
 
     print("=== IT Department Employees ===")
     print(result[['Employee_Name', 'Department', 'Age', 'Salary',
                   'Average_Salary_All_Employees',
                   'Oldest_Employee_Name',
                   'Oldest_Employee_Department']].to_string(index=False))
 def get_output_schema_6fdead12c033435b923f5cd1b1ec67aa(df = pd.DataFrame()):
     import inspect
     if len(inspect.getfullargspec(get_output_schema).args) == 0:
         return get_output_schema()
     else:
         return get_output_schema(df)
 result_schema_output = get_output_schema_6fdead12c033435b923f5cd1b1ec67aa(pd.DataFrame(_arg1))
 return result_schema_output.to_dict(orient='split') if isinstance(result_schema_output, pd.DataFrame) else result_schema_output

2026-05-07,03:21:17 [INFO] (web.py:web:2439): 200 POST /evaluate (127.0.0.1) 4.64ms
2026-05-07,03:21:23 [DEBUG] (base_handler.py:base_handler:115): Checking if need to handle authentication
2026-05-07,03:21:23 [DEBUG] (base_handler.py:base_handler:115): Handling authentication
2026-05-07,03:21:23 [INFO] (base_handler.py:base_handler:115): Authentication is not a required feature for API "v1"
2026-05-07,03:21:23 [DEBUG] (base_handler.py:base_handler:115): Checking request headers for authentication data
2026-05-07,03:21:23 [INFO] (base_handler.py:base_handler:115): Authorization header not found
2026-05-07,03:21:23 [DEBUG] (base_handler.py:base_handler:115): authentication not required, username and password are none
2026-05-07,03:21:23 [DEBUG] (state.py:state:526): Collecting Access-Control-Allow-Origin from state file ...
2026-05-07,03:21:23 [DEBUG] (state.py:state:628): Loading option 'Access-Control-Allow-Origin' from section [Service Info]...
2026-05-07,03:21:23 [DEBUG] (state.py:state:650): Returning value ''
2026-05-07,03:21:23 [DEBUG] (state.py:state:628): Loading option 'Access-Control-Allow-Headers' from section [Service Info]...
2026-05-07,03:21:23 [DEBUG] (state.py:state:650): Returning value ''
2026-05-07,03:21:23 [DEBUG] (state.py:state:628): Loading option 'Access-Control-Allow-Methods' from section [Service Info]...
2026-05-07,03:21:23 [DEBUG] (state.py:state:650): Returning value ''
2026-05-07,03:21:23 [DEBUG] (base_handler.py:base_handler:115): Processing POST request...
2026-05-07,03:21:23 [INFO] (base_handler.py:base_handler:115): function to evaluate=def _user_script(tabpy, _arg1):
 import pandas as pd
 def get_output_schema():
 	return 'a78715c4-973c-4d05-bba8-b0b3709c1293'
 def prep_string():
 	return ['prep_string_type']
 def prep_bool():
 	return ['prep_bool_type']
 def prep_int():
 	return ['prep_int_type']
 def prep_decimal():
     return ['prep_decimal_type']
 def prep_date():
 	return ['prep_date_type']
 def prep_datetime():
 	return ['prep_datetime_type']
 import pandas as pd
 
 
 def get_output_schema():
     return pd.DataFrame({
         'Employee_ID':                    prep_string(),
         'Employee_Name':                  prep_string(),
         'Department':                     prep_string(),
         'Age':                            prep_int(),
         'Salary':                         prep_int(),
         'Hire_Date':                      prep_string(),
         'City':                           prep_string(),
         'Average_Salary_All_Employees':   prep_decimal(),
         'Oldest_Employee_Name':           prep_string(),
         'Oldest_Employee_Department':     prep_string()
     })
 
 
 def filter_and_enrich(df):
     # Step 1: Compute metrics across ALL employees BEFORE filtering
     avg_salary = df['Salary'].mean()
     oldest_row = df.loc[df['Age'].idxmax()]
     oldest_name = oldest_row['Employee_Name']
     oldest_dept = oldest_row['Department']
 
     # Step 2: Add new columns
     df['Average_Salary_All_Employees'] = avg_salary
     df['Oldest_Employee_Name'] = oldest_name
     df['Oldest_Employee_Department'] = oldest_dept
 
     # Step 3: Filter to IT department only
     it_df = df[df['Department'] == 'IT'].copy()
 
     # Step 4: Force column order explicitly
     it_df = it_df[['Employee_ID', 'Employee_Name', 'Department', 'Age', 'Salary',
                    'Hire_Date', 'City',
                    'Average_Salary_All_Employees',
                    'Oldest_Employee_Name',
                    'Oldest_Employee_Department']]
 
     return it_df
 
 
 # Run it (for testing outside Tableau Prep)
 if __name__ == '__main__':
     df = pd.read_csv('employee_tableau_prep_python_sample.csv')
     result = filter_and_enrich(df)
 
     print("=== IT Department Employees ===")
     print(result[['Employee_Name', 'Department', 'Age', 'Salary',
                   'Average_Salary_All_Employees',
                   'Oldest_Employee_Name',
                   'Oldest_Employee_Department']].to_string(index=False))
 def get_output_schema_6fdead12c033435b923f5cd1b1ec67aa(df = pd.DataFrame()):
     import inspect
     if len(inspect.getfullargspec(get_output_schema).args) == 0:
         return get_output_schema()
     else:
         return get_output_schema(df)
 result_schema_output = get_output_schema_6fdead12c033435b923f5cd1b1ec67aa(pd.DataFrame(_arg1))
 return result_schema_output.to_dict(orient='split') if isinstance(result_schema_output, pd.DataFrame) else result_schema_output

2026-05-07,03:21:23 [INFO] (web.py:web:2439): 200 POST /evaluate (127.0.0.1) 5.88ms
2026-05-07,03:21:23 [DEBUG] (base_handler.py:base_handler:115): Checking if need to handle authentication
2026-05-07,03:21:23 [DEBUG] (base_handler.py:base_handler:115): Handling authentication
2026-05-07,03:21:23 [INFO] (base_handler.py:base_handler:115): Authentication is not a required feature for API "v1"
2026-05-07,03:21:23 [DEBUG] (base_handler.py:base_handler:115): Checking request headers for authentication data
2026-05-07,03:21:23 [INFO] (base_handler.py:base_handler:115): Authorization header not found
2026-05-07,03:21:23 [DEBUG] (base_handler.py:base_handler:115): authentication not required, username and password are none
2026-05-07,03:21:23 [DEBUG] (state.py:state:526): Collecting Access-Control-Allow-Origin from state file ...
2026-05-07,03:21:23 [DEBUG] (state.py:state:628): Loading option 'Access-Control-Allow-Origin' from section [Service Info]...
2026-05-07,03:21:23 [DEBUG] (state.py:state:650): Returning value ''
2026-05-07,03:21:23 [DEBUG] (state.py:state:628): Loading option 'Access-Control-Allow-Headers' from section [Service Info]...
2026-05-07,03:21:23 [DEBUG] (state.py:state:650): Returning value ''
2026-05-07,03:21:23 [DEBUG] (state.py:state:628): Loading option 'Access-Control-Allow-Methods' from section [Service Info]...
2026-05-07,03:21:23 [DEBUG] (state.py:state:650): Returning value ''
2026-05-07,03:21:23 [DEBUG] (base_handler.py:base_handler:115): Processing POST request...
2026-05-07,03:21:23 [INFO] (base_handler.py:base_handler:115): function to evaluate=def _user_script(tabpy, _arg1):
 import pandas as pd
 def get_output_schema():
 	return 'a78715c4-973c-4d05-bba8-b0b3709c1293'
 def prep_string():
 	return ['prep_string_type']
 def prep_bool():
 	return ['prep_bool_type']
 def prep_int():
 	return ['prep_int_type']
 def prep_decimal():
     return ['prep_decimal_type']
 def prep_date():
 	return ['prep_date_type']
 def prep_datetime():
 	return ['prep_datetime_type']
 import pandas as pd
 
 
 def get_output_schema():
     return pd.DataFrame({
         'Employee_ID':                    prep_string(),
         'Employee_Name':                  prep_string(),
         'Department':                     prep_string(),
         'Age':                            prep_int(),
         'Salary':                         prep_int(),
         'Hire_Date':                      prep_string(),
         'City':                           prep_string(),
         'Average_Salary_All_Employees':   prep_decimal(),
         'Oldest_Employee_Name':           prep_string(),
         'Oldest_Employee_Department':     prep_string()
     })
 
 
 def filter_and_enrich(df):
     # Step 1: Compute metrics across ALL employees BEFORE filtering
     avg_salary = df['Salary'].mean()
     oldest_row = df.loc[df['Age'].idxmax()]
     oldest_name = oldest_row['Employee_Name']
     oldest_dept = oldest_row['Department']
 
     # Step 2: Add new columns
     df['Average_Salary_All_Employees'] = avg_salary
     df['Oldest_Employee_Name'] = oldest_name
     df['Oldest_Employee_Department'] = oldest_dept
 
     # Step 3: Filter to IT department only
     it_df = df[df['Department'] == 'IT'].copy()
 
     # Step 4: Force column order explicitly
     it_df = it_df[['Employee_ID', 'Employee_Name', 'Department', 'Age', 'Salary',
                    'Hire_Date', 'City',
                    'Average_Salary_All_Employees',
                    'Oldest_Employee_Name',
                    'Oldest_Employee_Department']]
 
     return it_df
 
 
 # Run it (for testing outside Tableau Prep)
 if __name__ == '__main__':
     df = pd.read_csv('employee_tableau_prep_python_sample.csv')
     result = filter_and_enrich(df)
 
     print("=== IT Department Employees ===")
     print(result[['Employee_Name', 'Department', 'Age', 'Salary',
                   'Average_Salary_All_Employees',
                   'Oldest_Employee_Name',
                   'Oldest_Employee_Department']].to_string(index=False))
 def get_output_schema_6fdead12c033435b923f5cd1b1ec67aa(df = pd.DataFrame()):
     import inspect
     if len(inspect.getfullargspec(get_output_schema).args) == 0:
         return get_output_schema()
     else:
         return get_output_schema(df)
 result_schema_output = get_output_schema_6fdead12c033435b923f5cd1b1ec67aa(pd.DataFrame(_arg1))
 return result_schema_output.to_dict(orient='split') if isinstance(result_schema_output, pd.DataFrame) else result_schema_output

2026-05-07,03:21:23 [INFO] (web.py:web:2439): 200 POST /evaluate (127.0.0.1) 6.24ms
2026-05-07,03:21:23 [DEBUG] (base_handler.py:base_handler:115): Checking if need to handle authentication
2026-05-07,03:21:23 [DEBUG] (base_handler.py:base_handler:115): Handling authentication
2026-05-07,03:21:23 [INFO] (base_handler.py:base_handler:115): Authentication is not a required feature for API "v1"
2026-05-07,03:21:23 [DEBUG] (base_handler.py:base_handler:115): Checking request headers for authentication data
2026-05-07,03:21:23 [INFO] (base_handler.py:base_handler:115): Authorization header not found
2026-05-07,03:21:23 [DEBUG] (base_handler.py:base_handler:115): authentication not required, username and password are none
2026-05-07,03:21:23 [DEBUG] (state.py:state:526): Collecting Access-Control-Allow-Origin from state file ...
2026-05-07,03:21:23 [DEBUG] (state.py:state:628): Loading option 'Access-Control-Allow-Origin' from section [Service Info]...
2026-05-07,03:21:23 [DEBUG] (state.py:state:650): Returning value ''
2026-05-07,03:21:23 [DEBUG] (state.py:state:628): Loading option 'Access-Control-Allow-Headers' from section [Service Info]...
2026-05-07,03:21:23 [DEBUG] (state.py:state:650): Returning value ''
2026-05-07,03:21:23 [DEBUG] (state.py:state:628): Loading option 'Access-Control-Allow-Methods' from section [Service Info]...
2026-05-07,03:21:23 [DEBUG] (state.py:state:650): Returning value ''
2026-05-07,03:21:23 [DEBUG] (base_handler.py:base_handler:115): Processing POST request...
2026-05-07,03:21:23 [INFO] (base_handler.py:base_handler:115): function to evaluate=def _user_script(tabpy, _arg1):
 import pandas as pd
 def get_output_schema():
 	return 'a78715c4-973c-4d05-bba8-b0b3709c1293'
 def prep_string():
 	return ['prep_string_type']
 def prep_bool():
 	return ['prep_bool_type']
 def prep_int():
 	return ['prep_int_type']
 def prep_decimal():
     return ['prep_decimal_type']
 def prep_date():
 	return ['prep_date_type']
 def prep_datetime():
 	return ['prep_datetime_type']
 import pandas as pd
 
 
 def get_output_schema():
     return pd.DataFrame({
         'Employee_ID':                    prep_string(),
         'Employee_Name':                  prep_string(),
         'Department':                     prep_string(),
         'Age':                            prep_int(),
         'Salary':                         prep_int(),
         'Hire_Date':                      prep_string(),
         'City':                           prep_string(),
         'Average_Salary_All_Employees':   prep_decimal(),
         'Oldest_Employee_Name':           prep_string(),
         'Oldest_Employee_Department':     prep_string()
     })
 
 
 def filter_and_enrich(df):
     # Step 1: Compute metrics across ALL employees BEFORE filtering
     avg_salary = df['Salary'].mean()
     oldest_row = df.loc[df['Age'].idxmax()]
     oldest_name = oldest_row['Employee_Name']
     oldest_dept = oldest_row['Department']
 
     # Step 2: Add new columns
     df['Average_Salary_All_Employees'] = avg_salary
     df['Oldest_Employee_Name'] = oldest_name
     df['Oldest_Employee_Department'] = oldest_dept
 
     # Step 3: Filter to IT department only
     it_df = df[df['Department'] == 'IT'].copy()
 
     # Step 4: Force column order explicitly
     it_df = it_df[['Employee_ID', 'Employee_Name', 'Department', 'Age', 'Salary',
                    'Hire_Date', 'City',
                    'Average_Salary_All_Employees',
                    'Oldest_Employee_Name',
                    'Oldest_Employee_Department']]
 
     return it_df
 
 
 # Run it (for testing outside Tableau Prep)
 if __name__ == '__main__':
     df = pd.read_csv('employee_tableau_prep_python_sample.csv')
     result = filter_and_enrich(df)
 
     print("=== IT Department Employees ===")
     print(result[['Employee_Name', 'Department', 'Age', 'Salary',
                   'Average_Salary_All_Employees',
                   'Oldest_Employee_Name',
                   'Oldest_Employee_Department']].to_string(index=False))
 def get_output_schema_6fdead12c033435b923f5cd1b1ec67aa(df = pd.DataFrame()):
     import inspect
     if len(inspect.getfullargspec(get_output_schema).args) == 0:
         return get_output_schema()
     else:
         return get_output_schema(df)
 result_schema_output = get_output_schema_6fdead12c033435b923f5cd1b1ec67aa(pd.DataFrame(_arg1))
 return result_schema_output.to_dict(orient='split') if isinstance(result_schema_output, pd.DataFrame) else result_schema_output

2026-05-07,03:21:23 [INFO] (web.py:web:2439): 200 POST /evaluate (127.0.0.1) 6.82ms
2026-05-07,03:21:23 [DEBUG] (base_handler.py:base_handler:115): Checking if need to handle authentication
2026-05-07,03:21:23 [DEBUG] (base_handler.py:base_handler:115): Handling authentication
2026-05-07,03:21:23 [INFO] (base_handler.py:base_handler:115): Authentication is not a required feature for API "v1"
2026-05-07,03:21:23 [DEBUG] (base_handler.py:base_handler:115): Checking request headers for authentication data
2026-05-07,03:21:23 [INFO] (base_handler.py:base_handler:115): Authorization header not found
2026-05-07,03:21:23 [DEBUG] (base_handler.py:base_handler:115): authentication not required, username and password are none
2026-05-07,03:21:23 [DEBUG] (state.py:state:526): Collecting Access-Control-Allow-Origin from state file ...
2026-05-07,03:21:23 [DEBUG] (state.py:state:628): Loading option 'Access-Control-Allow-Origin' from section [Service Info]...
2026-05-07,03:21:23 [DEBUG] (state.py:state:650): Returning value ''
2026-05-07,03:21:23 [DEBUG] (state.py:state:628): Loading option 'Access-Control-Allow-Headers' from section [Service Info]...
2026-05-07,03:21:23 [DEBUG] (state.py:state:650): Returning value ''
2026-05-07,03:21:23 [DEBUG] (state.py:state:628): Loading option 'Access-Control-Allow-Methods' from section [Service Info]...
2026-05-07,03:21:23 [DEBUG] (state.py:state:650): Returning value ''
2026-05-07,03:21:23 [DEBUG] (base_handler.py:base_handler:115): Processing POST request...
2026-05-07,03:21:23 [INFO] (base_handler.py:base_handler:115): function to evaluate=def _user_script(tabpy, _arg1):
 import pandas as pd
 def get_output_schema():
 	return 'a78715c4-973c-4d05-bba8-b0b3709c1293'
 def prep_string():
 	return ['prep_string_type']
 def prep_bool():
 	return ['prep_bool_type']
 def prep_int():
 	return ['prep_int_type']
 def prep_decimal():
     return ['prep_decimal_type']
 def prep_date():
 	return ['prep_date_type']
 def prep_datetime():
 	return ['prep_datetime_type']
 import pandas as pd
 
 
 def get_output_schema():
     return pd.DataFrame({
         'Employee_ID':                    prep_string(),
         'Employee_Name':                  prep_string(),
         'Department':                     prep_string(),
         'Age':                            prep_int(),
         'Salary':                         prep_int(),
         'Hire_Date':                      prep_string(),
         'City':                           prep_string(),
         'Average_Salary_All_Employees':   prep_decimal(),
         'Oldest_Employee_Name':           prep_string(),
         'Oldest_Employee_Department':     prep_string()
     })
 
 
 def filter_and_enrich(df):
     # Step 1: Compute metrics across ALL employees BEFORE filtering
     avg_salary = df['Salary'].mean()
     oldest_row = df.loc[df['Age'].idxmax()]
     oldest_name = oldest_row['Employee_Name']
     oldest_dept = oldest_row['Department']
 
     # Step 2: Add new columns
     df['Average_Salary_All_Employees'] = avg_salary
     df['Oldest_Employee_Name'] = oldest_name
     df['Oldest_Employee_Department'] = oldest_dept
 
     # Step 3: Filter to IT department only
     it_df = df[df['Department'] == 'IT'].copy()
 
     # Step 4: Force column order explicitly
     it_df = it_df[['Employee_ID', 'Employee_Name', 'Department', 'Age', 'Salary',
                    'Hire_Date', 'City',
                    'Average_Salary_All_Employees',
                    'Oldest_Employee_Name',
                    'Oldest_Employee_Department']]
 
     return it_df
 
 
 # Run it (for testing outside Tableau Prep)
 if __name__ == '__main__':
     df = pd.read_csv('employee_tableau_prep_python_sample.csv')
     result = filter_and_enrich(df)
 
     print("=== IT Department Employees ===")
     print(result[['Employee_Name', 'Department', 'Age', 'Salary',
                   'Average_Salary_All_Employees',
                   'Oldest_Employee_Name',
                   'Oldest_Employee_Department']].to_string(index=False))
 def get_output_schema_6fdead12c033435b923f5cd1b1ec67aa(df = pd.DataFrame()):
     import inspect
     if len(inspect.getfullargspec(get_output_schema).args) == 0:
         return get_output_schema()
     else:
         return get_output_schema(df)
 result_schema_output = get_output_schema_6fdead12c033435b923f5cd1b1ec67aa(pd.DataFrame(_arg1))
 return result_schema_output.to_dict(orient='split') if isinstance(result_schema_output, pd.DataFrame) else result_schema_output

2026-05-07,03:21:23 [DEBUG] (base_handler.py:base_handler:115): Checking if need to handle authentication
2026-05-07,03:21:23 [DEBUG] (base_handler.py:base_handler:115): Handling authentication
2026-05-07,03:21:23 [INFO] (base_handler.py:base_handler:115): Authentication is not a required feature for API "v1"
2026-05-07,03:21:23 [DEBUG] (base_handler.py:base_handler:115): Checking request headers for authentication data
2026-05-07,03:21:23 [INFO] (base_handler.py:base_handler:115): Authorization header not found
2026-05-07,03:21:23 [DEBUG] (base_handler.py:base_handler:115): authentication not required, username and password are none
2026-05-07,03:21:23 [INFO] (web.py:web:2439): 200 POST /evaluate (127.0.0.1) 8.66ms
2026-05-07,03:21:23 [DEBUG] (state.py:state:526): Collecting Access-Control-Allow-Origin from state file ...
2026-05-07,03:21:23 [DEBUG] (state.py:state:628): Loading option 'Access-Control-Allow-Origin' from section [Service Info]...
2026-05-07,03:21:23 [DEBUG] (state.py:state:650): Returning value ''
2026-05-07,03:21:23 [DEBUG] (state.py:state:628): Loading option 'Access-Control-Allow-Headers' from section [Service Info]...
2026-05-07,03:21:23 [DEBUG] (state.py:state:650): Returning value ''
2026-05-07,03:21:23 [DEBUG] (state.py:state:628): Loading option 'Access-Control-Allow-Methods' from section [Service Info]...
2026-05-07,03:21:23 [DEBUG] (state.py:state:650): Returning value ''
2026-05-07,03:21:23 [DEBUG] (base_handler.py:base_handler:115): Processing POST request...
2026-05-07,03:21:23 [INFO] (base_handler.py:base_handler:115): function to evaluate=def _user_script(tabpy, _arg1):
 import pandas as pd
 def get_output_schema():
 	return 'a78715c4-973c-4d05-bba8-b0b3709c1293'
 def prep_string():
 	return ['prep_string_type']
 def prep_bool():
 	return ['prep_bool_type']
 def prep_int():
 	return ['prep_int_type']
 def prep_decimal():
     return ['prep_decimal_type']
 def prep_date():
 	return ['prep_date_type']
 def prep_datetime():
 	return ['prep_datetime_type']
 import pandas as pd
 
 
 def get_output_schema():
     return pd.DataFrame({
         'Employee_ID':                    prep_string(),
         'Employee_Name':                  prep_string(),
         'Department':                     prep_string(),
         'Age':                            prep_int(),
         'Salary':                         prep_int(),
         'Hire_Date':                      prep_string(),
         'City':                           prep_string(),
         'Average_Salary_All_Employees':   prep_decimal(),
         'Oldest_Employee_Name':           prep_string(),
         'Oldest_Employee_Department':     prep_string()
     })
 
 
 def filter_and_enrich(df):
     # Step 1: Compute metrics across ALL employees BEFORE filtering
     avg_salary = df['Salary'].mean()
     oldest_row = df.loc[df['Age'].idxmax()]
     oldest_name = oldest_row['Employee_Name']
     oldest_dept = oldest_row['Department']
 
     # Step 2: Add new columns
     df['Average_Salary_All_Employees'] = avg_salary
     df['Oldest_Employee_Name'] = oldest_name
     df['Oldest_Employee_Department'] = oldest_dept
 
     # Step 3: Filter to IT department only
     it_df = df[df['Department'] == 'IT'].copy()
 
     # Step 4: Force column order explicitly
     it_df = it_df[['Employee_ID', 'Employee_Name', 'Department', 'Age', 'Salary',
                    'Hire_Date', 'City',
                    'Average_Salary_All_Employees',
                    'Oldest_Employee_Name',
                    'Oldest_Employee_Department']]
 
     return it_df
 
 
 # Run it (for testing outside Tableau Prep)
 if __name__ == '__main__':
     df = pd.read_csv('employee_tableau_prep_python_sample.csv')
     result = filter_and_enrich(df)
 
     print("=== IT Department Employees ===")
     print(result[['Employee_Name', 'Department', 'Age', 'Salary',
                   'Average_Salary_All_Employees',
                   'Oldest_Employee_Name',
                   'Oldest_Employee_Department']].to_string(index=False))
 def get_output_schema_6fdead12c033435b923f5cd1b1ec67aa(df = pd.DataFrame()):
     import inspect
     if len(inspect.getfullargspec(get_output_schema).args) == 0:
         return get_output_schema()
     else:
         return get_output_schema(df)
 result_schema_output = get_output_schema_6fdead12c033435b923f5cd1b1ec67aa(pd.DataFrame(_arg1))
 return result_schema_output.to_dict(orient='split') if isinstance(result_schema_output, pd.DataFrame) else result_schema_output

2026-05-07,03:21:23 [INFO] (web.py:web:2439): 200 POST /evaluate (127.0.0.1) 7.64ms
2026-05-07,03:21:23 [DEBUG] (base_handler.py:base_handler:115): Checking if need to handle authentication
2026-05-07,03:21:23 [DEBUG] (base_handler.py:base_handler:115): Handling authentication
2026-05-07,03:21:23 [INFO] (base_handler.py:base_handler:115): Authentication is not a required feature for API "v1"
2026-05-07,03:21:23 [DEBUG] (base_handler.py:base_handler:115): Checking request headers for authentication data
2026-05-07,03:21:23 [INFO] (base_handler.py:base_handler:115): Authorization header not found
2026-05-07,03:21:23 [DEBUG] (base_handler.py:base_handler:115): authentication not required, username and password are none
2026-05-07,03:21:23 [DEBUG] (state.py:state:526): Collecting Access-Control-Allow-Origin from state file ...
2026-05-07,03:21:23 [DEBUG] (state.py:state:628): Loading option 'Access-Control-Allow-Origin' from section [Service Info]...
2026-05-07,03:21:23 [DEBUG] (state.py:state:650): Returning value ''
2026-05-07,03:21:23 [DEBUG] (state.py:state:628): Loading option 'Access-Control-Allow-Headers' from section [Service Info]...
2026-05-07,03:21:23 [DEBUG] (state.py:state:650): Returning value ''
2026-05-07,03:21:23 [DEBUG] (state.py:state:628): Loading option 'Access-Control-Allow-Methods' from section [Service Info]...
2026-05-07,03:21:23 [DEBUG] (state.py:state:650): Returning value ''
2026-05-07,03:21:23 [DEBUG] (base_handler.py:base_handler:115): Processing POST request...
2026-05-07,03:21:23 [INFO] (base_handler.py:base_handler:115): function to evaluate=def _user_script(tabpy, _arg1):
 import pandas as pd
 def get_output_schema():
 	return 'a78715c4-973c-4d05-bba8-b0b3709c1293'
 def prep_string():
 	return ['prep_string_type']
 def prep_bool():
 	return ['prep_bool_type']
 def prep_int():
 	return ['prep_int_type']
 def prep_decimal():
     return ['prep_decimal_type']
 def prep_date():
 	return ['prep_date_type']
 def prep_datetime():
 	return ['prep_datetime_type']
 import pandas as pd
 
 
 def get_output_schema():
     return pd.DataFrame({
         'Employee_ID':                    prep_string(),
         'Employee_Name':                  prep_string(),
         'Department':                     prep_string(),
         'Age':                            prep_int(),
         'Salary':                         prep_int(),
         'Hire_Date':                      prep_string(),
         'City':                           prep_string(),
         'Average_Salary_All_Employees':   prep_decimal(),
         'Oldest_Employee_Name':           prep_string(),
         'Oldest_Employee_Department':     prep_string()
     })
 
 
 def filter_and_enrich(df):
     # Step 1: Compute metrics across ALL employees BEFORE filtering
     avg_salary = df['Salary'].mean()
     oldest_row = df.loc[df['Age'].idxmax()]
     oldest_name = oldest_row['Employee_Name']
     oldest_dept = oldest_row['Department']
 
     # Step 2: Add new columns
     df['Average_Salary_All_Employees'] = avg_salary
     df['Oldest_Employee_Name'] = oldest_name
     df['Oldest_Employee_Department'] = oldest_dept
 
     # Step 3: Filter to IT department only
     it_df = df[df['Department'] == 'IT'].copy()
 
     # Step 4: Force column order explicitly
     it_df = it_df[['Employee_ID', 'Employee_Name', 'Department', 'Age', 'Salary',
                    'Hire_Date', 'City',
                    'Average_Salary_All_Employees',
                    'Oldest_Employee_Name',
                    'Oldest_Employee_Department']]
 
     return it_df
 
 
 # Run it (for testing outside Tableau Prep)
 if __name__ == '__main__':
     df = pd.read_csv('employee_tableau_prep_python_sample.csv')
     result = filter_and_enrich(df)
 
     print("=== IT Department Employees ===")
     print(result[['Employee_Name', 'Department', 'Age', 'Salary',
                   'Average_Salary_All_Employees',
                   'Oldest_Employee_Name',
                   'Oldest_Employee_Department']].to_string(index=False))
 def get_output_schema_6fdead12c033435b923f5cd1b1ec67aa(df = pd.DataFrame()):
     import inspect
     if len(inspect.getfullargspec(get_output_schema).args) == 0:
         return get_output_schema()
     else:
         return get_output_schema(df)
 result_schema_output = get_output_schema_6fdead12c033435b923f5cd1b1ec67aa(pd.DataFrame(_arg1))
 return result_schema_output.to_dict(orient='split') if isinstance(result_schema_output, pd.DataFrame) else result_schema_output

2026-05-07,03:21:23 [INFO] (web.py:web:2439): 200 POST /evaluate (127.0.0.1) 6.12ms
2026-05-07,03:21:25 [DEBUG] (base_handler.py:base_handler:115): Checking if need to handle authentication
2026-05-07,03:21:25 [DEBUG] (base_handler.py:base_handler:115): Handling authentication
2026-05-07,03:21:25 [INFO] (base_handler.py:base_handler:115): Authentication is not a required feature for API "v1"
2026-05-07,03:21:25 [DEBUG] (base_handler.py:base_handler:115): Checking request headers for authentication data
2026-05-07,03:21:25 [INFO] (base_handler.py:base_handler:115): Authorization header not found
2026-05-07,03:21:25 [DEBUG] (base_handler.py:base_handler:115): authentication not required, username and password are none
2026-05-07,03:21:25 [DEBUG] (state.py:state:526): Collecting Access-Control-Allow-Origin from state file ...
2026-05-07,03:21:25 [DEBUG] (state.py:state:628): Loading option 'Access-Control-Allow-Origin' from section [Service Info]...
2026-05-07,03:21:25 [DEBUG] (state.py:state:650): Returning value ''
2026-05-07,03:21:25 [DEBUG] (state.py:state:628): Loading option 'Access-Control-Allow-Headers' from section [Service Info]...
2026-05-07,03:21:25 [DEBUG] (state.py:state:650): Returning value ''
2026-05-07,03:21:25 [DEBUG] (state.py:state:628): Loading option 'Access-Control-Allow-Methods' from section [Service Info]...
2026-05-07,03:21:25 [DEBUG] (state.py:state:650): Returning value ''
2026-05-07,03:21:25 [DEBUG] (base_handler.py:base_handler:115): Processing POST request...
2026-05-07,03:21:25 [INFO] (base_handler.py:base_handler:115): function to evaluate=def _user_script(tabpy, _arg1):
 import pandas as pd
 def get_output_schema():
 	return 'a78715c4-973c-4d05-bba8-b0b3709c1293'
 def prep_string():
 	return ['prep_string_type']
 def prep_bool():
 	return ['prep_bool_type']
 def prep_int():
 	return ['prep_int_type']
 def prep_decimal():
     return ['prep_decimal_type']
 def prep_date():
 	return ['prep_date_type']
 def prep_datetime():
 	return ['prep_datetime_type']
 import pandas as pd
 
 
 def get_output_schema():
     return pd.DataFrame({
         'Employee_ID':                    prep_string(),
         'Employee_Name':                  prep_string(),
         'Department':                     prep_string(),
         'Age':                            prep_int(),
         'Salary':                         prep_int(),
         'Hire_Date':                      prep_string(),
         'City':                           prep_string(),
         'Average_Salary_All_Employees':   prep_decimal(),
         'Oldest_Employee_Name':           prep_string(),
         'Oldest_Employee_Department':     prep_string()
     })
 
 
 def filter_and_enrich(df):
     # Step 1: Compute metrics across ALL employees BEFORE filtering
     avg_salary = df['Salary'].mean()
     oldest_row = df.loc[df['Age'].idxmax()]
     oldest_name = oldest_row['Employee_Name']
     oldest_dept = oldest_row['Department']
 
     # Step 2: Add new columns
     df['Average_Salary_All_Employees'] = avg_salary
     df['Oldest_Employee_Name'] = oldest_name
     df['Oldest_Employee_Department'] = oldest_dept
 
     # Step 3: Filter to IT department only
     it_df = df[df['Department'] == 'IT'].copy()
 
     # Step 4: Force column order explicitly
     it_df = it_df[['Employee_ID', 'Employee_Name', 'Department', 'Age', 'Salary',
                    'Hire_Date', 'City',
                    'Average_Salary_All_Employees',
                    'Oldest_Employee_Name',
                    'Oldest_Employee_Department']]
 
     return it_df
 
 
 # Run it (for testing outside Tableau Prep)
 if __name__ == '__main__':
     df = pd.read_csv('employee_tableau_prep_python_sample.csv')
     result = filter_and_enrich(df)
 
     print("=== IT Department Employees ===")
     print(result[['Employee_Name', 'Department', 'Age', 'Salary',
                   'Average_Salary_All_Employees',
                   'Oldest_Employee_Name',
                   'Oldest_Employee_Department']].to_string(index=False))
 def get_output_schema_6fdead12c033435b923f5cd1b1ec67aa(df = pd.DataFrame()):
     import inspect
     if len(inspect.getfullargspec(get_output_schema).args) == 0:
         return get_output_schema()
     else:
         return get_output_schema(df)
 result_schema_output = get_output_schema_6fdead12c033435b923f5cd1b1ec67aa(pd.DataFrame(_arg1))
 return result_schema_output.to_dict(orient='split') if isinstance(result_schema_output, pd.DataFrame) else result_schema_output

2026-05-07,03:21:26 [INFO] (web.py:web:2439): 200 POST /evaluate (127.0.0.1) 9.80ms
2026-05-07,03:21:26 [DEBUG] (base_handler.py:base_handler:115): Checking if need to handle authentication
2026-05-07,03:21:26 [DEBUG] (base_handler.py:base_handler:115): Handling authentication
2026-05-07,03:21:26 [INFO] (base_handler.py:base_handler:115): Authentication is not a required feature for API "v1"
2026-05-07,03:21:26 [DEBUG] (base_handler.py:base_handler:115): Checking request headers for authentication data
2026-05-07,03:21:26 [INFO] (base_handler.py:base_handler:115): Authorization header not found
2026-05-07,03:21:26 [DEBUG] (base_handler.py:base_handler:115): authentication not required, username and password are none
2026-05-07,03:21:26 [DEBUG] (state.py:state:526): Collecting Access-Control-Allow-Origin from state file ...
2026-05-07,03:21:26 [DEBUG] (state.py:state:628): Loading option 'Access-Control-Allow-Origin' from section [Service Info]...
2026-05-07,03:21:26 [DEBUG] (state.py:state:650): Returning value ''
2026-05-07,03:21:26 [DEBUG] (state.py:state:628): Loading option 'Access-Control-Allow-Headers' from section [Service Info]...
2026-05-07,03:21:26 [DEBUG] (state.py:state:650): Returning value ''
2026-05-07,03:21:26 [DEBUG] (state.py:state:628): Loading option 'Access-Control-Allow-Methods' from section [Service Info]...
2026-05-07,03:21:26 [DEBUG] (state.py:state:650): Returning value ''
2026-05-07,03:21:26 [DEBUG] (base_handler.py:base_handler:115): Processing POST request...
2026-05-07,03:21:26 [INFO] (base_handler.py:base_handler:115): function to evaluate=def _user_script(tabpy, _arg1):
 import pandas as pd
 def get_output_schema():
 	return 'a78715c4-973c-4d05-bba8-b0b3709c1293'
 def prep_string():
 	return ['prep_string_type']
 def prep_bool():
 	return ['prep_bool_type']
 def prep_int():
 	return ['prep_int_type']
 def prep_decimal():
     return ['prep_decimal_type']
 def prep_date():
 	return ['prep_date_type']
 def prep_datetime():
 	return ['prep_datetime_type']
 import pandas as pd
 
 
 def get_output_schema():
     return pd.DataFrame({
         'Employee_ID':                    prep_string(),
         'Employee_Name':                  prep_string(),
         'Department':                     prep_string(),
         'Age':                            prep_int(),
         'Salary':                         prep_int(),
         'Hire_Date':                      prep_string(),
         'City':                           prep_string(),
         'Average_Salary_All_Employees':   prep_decimal(),
         'Oldest_Employee_Name':           prep_string(),
         'Oldest_Employee_Department':     prep_string()
     })
 
 
 def filter_and_enrich(df):
     # Step 1: Compute metrics across ALL employees BEFORE filtering
     avg_salary = df['Salary'].mean()
     oldest_row = df.loc[df['Age'].idxmax()]
     oldest_name = oldest_row['Employee_Name']
     oldest_dept = oldest_row['Department']
 
     # Step 2: Add new columns
     df['Average_Salary_All_Employees'] = avg_salary
     df['Oldest_Employee_Name'] = oldest_name
     df['Oldest_Employee_Department'] = oldest_dept
 
     # Step 3: Filter to IT department only
     it_df = df[df['Department'] == 'IT'].copy()
 
     # Step 4: Force column order explicitly
     it_df = it_df[['Employee_ID', 'Employee_Name', 'Department', 'Age', 'Salary',
                    'Hire_Date', 'City',
                    'Average_Salary_All_Employees',
                    'Oldest_Employee_Name',
                    'Oldest_Employee_Department']]
 
     return it_df
 
 
 # Run it (for testing outside Tableau Prep)
 if __name__ == '__main__':
     df = pd.read_csv('employee_tableau_prep_python_sample.csv')
     result = filter_and_enrich(df)
 
     print("=== IT Department Employees ===")
     print(result[['Employee_Name', 'Department', 'Age', 'Salary',
                   'Average_Salary_All_Employees',
                   'Oldest_Employee_Name',
                   'Oldest_Employee_Department']].to_string(index=False))
 def get_output_schema_6fdead12c033435b923f5cd1b1ec67aa(df = pd.DataFrame()):
     import inspect
     if len(inspect.getfullargspec(get_output_schema).args) == 0:
         return get_output_schema()
     else:
         return get_output_schema(df)
 result_schema_output = get_output_schema_6fdead12c033435b923f5cd1b1ec67aa(pd.DataFrame(_arg1))
 return result_schema_output.to_dict(orient='split') if isinstance(result_schema_output, pd.DataFrame) else result_schema_output

2026-05-07,03:21:26 [INFO] (web.py:web:2439): 200 POST /evaluate (127.0.0.1) 8.83ms
2026-05-07,03:21:26 [DEBUG] (base_handler.py:base_handler:115): Checking if need to handle authentication
2026-05-07,03:21:26 [DEBUG] (base_handler.py:base_handler:115): Handling authentication
2026-05-07,03:21:26 [INFO] (base_handler.py:base_handler:115): Authentication is not a required feature for API "v1"
2026-05-07,03:21:26 [DEBUG] (base_handler.py:base_handler:115): Checking request headers for authentication data
2026-05-07,03:21:26 [INFO] (base_handler.py:base_handler:115): Authorization header not found
2026-05-07,03:21:26 [DEBUG] (base_handler.py:base_handler:115): authentication not required, username and password are none
2026-05-07,03:21:26 [DEBUG] (state.py:state:526): Collecting Access-Control-Allow-Origin from state file ...
2026-05-07,03:21:26 [DEBUG] (state.py:state:628): Loading option 'Access-Control-Allow-Origin' from section [Service Info]...
2026-05-07,03:21:26 [DEBUG] (state.py:state:650): Returning value ''
2026-05-07,03:21:26 [DEBUG] (state.py:state:628): Loading option 'Access-Control-Allow-Headers' from section [Service Info]...
2026-05-07,03:21:26 [DEBUG] (state.py:state:650): Returning value ''
2026-05-07,03:21:26 [DEBUG] (state.py:state:628): Loading option 'Access-Control-Allow-Methods' from section [Service Info]...
2026-05-07,03:21:26 [DEBUG] (state.py:state:650): Returning value ''
2026-05-07,03:21:26 [DEBUG] (base_handler.py:base_handler:115): Processing POST request...
2026-05-07,03:21:26 [INFO] (base_handler.py:base_handler:115): function to evaluate=def _user_script(tabpy, _arg1):
 import pandas as pd
 import pandas as pd
 
 
 def get_output_schema():
     return pd.DataFrame({
         'Employee_ID':                    prep_string(),
         'Employee_Name':                  prep_string(),
         'Department':                     prep_string(),
         'Age':                            prep_int(),
         'Salary':                         prep_int(),
         'Hire_Date':                      prep_string(),
         'City':                           prep_string(),
         'Average_Salary_All_Employees':   prep_decimal(),
         'Oldest_Employee_Name':           prep_string(),
         'Oldest_Employee_Department':     prep_string()
     })
 
 
 def filter_and_enrich(df):
     # Step 1: Compute metrics across ALL employees BEFORE filtering
     avg_salary = df['Salary'].mean()
     oldest_row = df.loc[df['Age'].idxmax()]
     oldest_name = oldest_row['Employee_Name']
     oldest_dept = oldest_row['Department']
 
     # Step 2: Add new columns
     df['Average_Salary_All_Employees'] = avg_salary
     df['Oldest_Employee_Name'] = oldest_name
     df['Oldest_Employee_Department'] = oldest_dept
 
     # Step 3: Filter to IT department only
     it_df = df[df['Department'] == 'IT'].copy()
 
     # Step 4: Force column order explicitly
     it_df = it_df[['Employee_ID', 'Employee_Name', 'Department', 'Age', 'Salary',
                    'Hire_Date', 'City',
                    'Average_Salary_All_Employees',
                    'Oldest_Employee_Name',
                    'Oldest_Employee_Department']]
 
     return it_df
 
 
 # Run it (for testing outside Tableau Prep)
 if __name__ == '__main__':
     df = pd.read_csv('employee_tableau_prep_python_sample.csv')
     result = filter_and_enrich(df)
 
     print("=== IT Department Employees ===")
     print(result[['Employee_Name', 'Department', 'Age', 'Salary',
                   'Average_Salary_All_Employees',
                   'Oldest_Employee_Name',
                   'Oldest_Employee_Department']].to_string(index=False))
 execution_result = filter_and_enrich(pd.DataFrame(_arg1))
 return execution_result.to_dict(orient='list') if isinstance(execution_result, pd.DataFrame) else execution_result

2026-05-07,03:21:26 [INFO] (web.py:web:2439): 200 POST /evaluate (127.0.0.1) 12.82ms
2026-05-07,03:21:29 [DEBUG] (base_handler.py:base_handler:115): Checking if need to handle authentication
2026-05-07,03:21:29 [DEBUG] (base_handler.py:base_handler:115): Handling authentication
2026-05-07,03:21:29 [INFO] (base_handler.py:base_handler:115): Authentication is not a required feature for API "v1"
2026-05-07,03:21:29 [DEBUG] (base_handler.py:base_handler:115): Checking request headers for authentication data
2026-05-07,03:21:29 [INFO] (base_handler.py:base_handler:115): Authorization header not found
2026-05-07,03:21:29 [DEBUG] (base_handler.py:base_handler:115): authentication not required, username and password are none
2026-05-07,03:21:29 [DEBUG] (state.py:state:526): Collecting Access-Control-Allow-Origin from state file ...
2026-05-07,03:21:29 [DEBUG] (state.py:state:628): Loading option 'Access-Control-Allow-Origin' from section [Service Info]...
2026-05-07,03:21:29 [DEBUG] (state.py:state:650): Returning value ''
2026-05-07,03:21:29 [DEBUG] (state.py:state:628): Loading option 'Access-Control-Allow-Headers' from section [Service Info]...
2026-05-07,03:21:29 [DEBUG] (state.py:state:650): Returning value ''
2026-05-07,03:21:29 [DEBUG] (state.py:state:628): Loading option 'Access-Control-Allow-Methods' from section [Service Info]...
2026-05-07,03:21:29 [DEBUG] (state.py:state:650): Returning value ''
2026-05-07,03:21:29 [DEBUG] (base_handler.py:base_handler:115): Processing POST request...
2026-05-07,03:21:29 [INFO] (base_handler.py:base_handler:115): function to evaluate=def _user_script(tabpy, _arg1):
 import pandas as pd
 def get_output_schema():
 	return 'a78715c4-973c-4d05-bba8-b0b3709c1293'
 def prep_string():
 	return ['prep_string_type']
 def prep_bool():
 	return ['prep_bool_type']
 def prep_int():
 	return ['prep_int_type']
 def prep_decimal():
     return ['prep_decimal_type']
 def prep_date():
 	return ['prep_date_type']
 def prep_datetime():
 	return ['prep_datetime_type']
 import pandas as pd
 
 
 def get_output_schema():
     return pd.DataFrame({
         'Employee_ID':                    prep_string(),
         'Employee_Name':                  prep_string(),
         'Department':                     prep_string(),
         'Age':                            prep_int(),
         'Salary':                         prep_int(),
         'Hire_Date':                      prep_string(),
         'City':                           prep_string(),
         'Average_Salary_All_Employees':   prep_decimal(),
         'Oldest_Employee_Name':           prep_string(),
         'Oldest_Employee_Department':     prep_string()
     })
 
 
 def filter_and_enrich(df):
     # Step 1: Compute metrics across ALL employees BEFORE filtering
     avg_salary = df['Salary'].mean()
     oldest_row = df.loc[df['Age'].idxmax()]
     oldest_name = oldest_row['Employee_Name']
     oldest_dept = oldest_row['Department']
 
     # Step 2: Add new columns
     df['Average_Salary_All_Employees'] = avg_salary
     df['Oldest_Employee_Name'] = oldest_name
     df['Oldest_Employee_Department'] = oldest_dept
 
     # Step 3: Filter to IT department only
     it_df = df[df['Department'] == 'IT'].copy()
 
     # Step 4: Force column order explicitly
     it_df = it_df[['Employee_ID', 'Employee_Name', 'Department', 'Age', 'Salary',
                    'Hire_Date', 'City',
                    'Average_Salary_All_Employees',
                    'Oldest_Employee_Name',
                    'Oldest_Employee_Department']]
 
     return it_df
 
 
 # Run it (for testing outside Tableau Prep)
 if __name__ == '__main__':
     df = pd.read_csv('employee_tableau_prep_python_sample.csv')
     result = filter_and_enrich(df)
 
     print("=== IT Department Employees ===")
     print(result[['Employee_Name', 'Department', 'Age', 'Salary',
                   'Average_Salary_All_Employees',
                   'Oldest_Employee_Name',
                   'Oldest_Employee_Department']].to_string(index=False))
 def get_output_schema_6fdead12c033435b923f5cd1b1ec67aa(df = pd.DataFrame()):
     import inspect
     if len(inspect.getfullargspec(get_output_schema).args) == 0:
         return get_output_schema()
     else:
         return get_output_schema(df)
 result_schema_output = get_output_schema_6fdead12c033435b923f5cd1b1ec67aa(pd.DataFrame(_arg1))
 return result_schema_output.to_dict(orient='split') if isinstance(result_schema_output, pd.DataFrame) else result_schema_output

2026-05-07,03:21:29 [INFO] (web.py:web:2439): 200 POST /evaluate (127.0.0.1) 4.03ms
2026-05-07,03:21:29 [DEBUG] (base_handler.py:base_handler:115): Checking if need to handle authentication
2026-05-07,03:21:29 [DEBUG] (base_handler.py:base_handler:115): Handling authentication
2026-05-07,03:21:29 [INFO] (base_handler.py:base_handler:115): Authentication is not a required feature for API "v1"
2026-05-07,03:21:29 [DEBUG] (base_handler.py:base_handler:115): Checking request headers for authentication data
2026-05-07,03:21:29 [INFO] (base_handler.py:base_handler:115): Authorization header not found
2026-05-07,03:21:29 [DEBUG] (base_handler.py:base_handler:115): authentication not required, username and password are none
2026-05-07,03:21:29 [DEBUG] (state.py:state:526): Collecting Access-Control-Allow-Origin from state file ...
2026-05-07,03:21:29 [DEBUG] (state.py:state:628): Loading option 'Access-Control-Allow-Origin' from section [Service Info]...
2026-05-07,03:21:29 [DEBUG] (state.py:state:650): Returning value ''
2026-05-07,03:21:29 [DEBUG] (state.py:state:628): Loading option 'Access-Control-Allow-Headers' from section [Service Info]...
2026-05-07,03:21:29 [DEBUG] (state.py:state:650): Returning value ''
2026-05-07,03:21:29 [DEBUG] (state.py:state:628): Loading option 'Access-Control-Allow-Methods' from section [Service Info]...
2026-05-07,03:21:29 [DEBUG] (state.py:state:650): Returning value ''
2026-05-07,03:21:29 [DEBUG] (base_handler.py:base_handler:115): Processing POST request...
2026-05-07,03:21:29 [INFO] (base_handler.py:base_handler:115): function to evaluate=def _user_script(tabpy, _arg1):
 import pandas as pd
 def get_output_schema():
 	return 'a78715c4-973c-4d05-bba8-b0b3709c1293'
 def prep_string():
 	return ['prep_string_type']
 def prep_bool():
 	return ['prep_bool_type']
 def prep_int():
 	return ['prep_int_type']
 def prep_decimal():
     return ['prep_decimal_type']
 def prep_date():
 	return ['prep_date_type']
 def prep_datetime():
 	return ['prep_datetime_type']
 import pandas as pd
 
 
 def get_output_schema():
     return pd.DataFrame({
         'Employee_ID':                    prep_string(),
         'Employee_Name':                  prep_string(),
         'Department':                     prep_string(),
         'Age':                            prep_int(),
         'Salary':                         prep_int(),
         'Hire_Date':                      prep_string(),
         'City':                           prep_string(),
         'Average_Salary_All_Employees':   prep_decimal(),
         'Oldest_Employee_Name':           prep_string(),
         'Oldest_Employee_Department':     prep_string()
     })
 
 
 def filter_and_enrich(df):
     # Step 1: Compute metrics across ALL employees BEFORE filtering
     avg_salary = df['Salary'].mean()
     oldest_row = df.loc[df['Age'].idxmax()]
     oldest_name = oldest_row['Employee_Name']
     oldest_dept = oldest_row['Department']
 
     # Step 2: Add new columns
     df['Average_Salary_All_Employees'] = avg_salary
     df['Oldest_Employee_Name'] = oldest_name
     df['Oldest_Employee_Department'] = oldest_dept
 
     # Step 3: Filter to IT department only
     it_df = df[df['Department'] == 'IT'].copy()
 
     # Step 4: Force column order explicitly
     it_df = it_df[['Employee_ID', 'Employee_Name', 'Department', 'Age', 'Salary',
                    'Hire_Date', 'City',
                    'Average_Salary_All_Employees',
                    'Oldest_Employee_Name',
                    'Oldest_Employee_Department']]
 
     return it_df
 
 
 # Run it (for testing outside Tableau Prep)
 if __name__ == '__main__':
     df = pd.read_csv('employee_tableau_prep_python_sample.csv')
     result = filter_and_enrich(df)
 
     print("=== IT Department Employees ===")
     print(result[['Employee_Name', 'Department', 'Age', 'Salary',
                   'Average_Salary_All_Employees',
                   'Oldest_Employee_Name',
                   'Oldest_Employee_Department']].to_string(index=False))
 def get_output_schema_6fdead12c033435b923f5cd1b1ec67aa(df = pd.DataFrame()):
     import inspect
     if len(inspect.getfullargspec(get_output_schema).args) == 0:
         return get_output_schema()
     else:
         return get_output_schema(df)
 result_schema_output = get_output_schema_6fdead12c033435b923f5cd1b1ec67aa(pd.DataFrame(_arg1))
 return result_schema_output.to_dict(orient='split') if isinstance(result_schema_output, pd.DataFrame) else result_schema_output

2026-05-07,03:21:29 [INFO] (web.py:web:2439): 200 POST /evaluate (127.0.0.1) 4.00ms
2026-05-07,03:21:38 [DEBUG] (base_handler.py:base_handler:115): Checking if need to handle authentication
2026-05-07,03:21:38 [DEBUG] (base_handler.py:base_handler:115): Handling authentication
2026-05-07,03:21:38 [INFO] (base_handler.py:base_handler:115): Authentication is not a required feature for API "v1"
2026-05-07,03:21:38 [DEBUG] (base_handler.py:base_handler:115): Checking request headers for authentication data
2026-05-07,03:21:38 [INFO] (base_handler.py:base_handler:115): Authorization header not found
2026-05-07,03:21:38 [DEBUG] (base_handler.py:base_handler:115): authentication not required, username and password are none
2026-05-07,03:21:38 [DEBUG] (state.py:state:526): Collecting Access-Control-Allow-Origin from state file ...
2026-05-07,03:21:38 [DEBUG] (state.py:state:628): Loading option 'Access-Control-Allow-Origin' from section [Service Info]...
2026-05-07,03:21:38 [DEBUG] (state.py:state:650): Returning value ''
2026-05-07,03:21:38 [DEBUG] (state.py:state:628): Loading option 'Access-Control-Allow-Headers' from section [Service Info]...
2026-05-07,03:21:38 [DEBUG] (state.py:state:650): Returning value ''
2026-05-07,03:21:38 [DEBUG] (state.py:state:628): Loading option 'Access-Control-Allow-Methods' from section [Service Info]...
2026-05-07,03:21:38 [DEBUG] (state.py:state:650): Returning value ''
2026-05-07,03:21:38 [DEBUG] (base_handler.py:base_handler:115): Processing POST request...
2026-05-07,03:21:38 [INFO] (base_handler.py:base_handler:115): function to evaluate=def _user_script(tabpy, _arg1):
 import pandas as pd
 def get_output_schema():
 	return 'a78715c4-973c-4d05-bba8-b0b3709c1293'
 def prep_string():
 	return ['prep_string_type']
 def prep_bool():
 	return ['prep_bool_type']
 def prep_int():
 	return ['prep_int_type']
 def prep_decimal():
     return ['prep_decimal_type']
 def prep_date():
 	return ['prep_date_type']
 def prep_datetime():
 	return ['prep_datetime_type']
 import pandas as pd
 
 
 def get_output_schema():
     return pd.DataFrame({
         'Employee_ID':                    prep_string(),
         'Employee_Name':                  prep_string(),
         'Department':                     prep_string(),
         'Age':                            prep_int(),
         'Salary':                         prep_int(),
         'Hire_Date':                      prep_string(),
         'City':                           prep_string(),
         'Average_Salary_All_Employees':   prep_decimal(),
         'Oldest_Employee_Name':           prep_string(),
         'Oldest_Employee_Department':     prep_string()
     })
 
 
 def filter_and_enrich(df):
     # Step 1: Compute metrics across ALL employees BEFORE filtering
     avg_salary = df['Salary'].mean()
     oldest_row = df.loc[df['Age'].idxmax()]
     oldest_name = oldest_row['Employee_Name']
     oldest_dept = oldest_row['Department']
 
     # Step 2: Add new columns
     df['Average_Salary_All_Employees'] = avg_salary
     df['Oldest_Employee_Name'] = oldest_name
     df['Oldest_Employee_Department'] = oldest_dept
 
     # Step 3: Filter to IT department only
     it_df = df[df['Department'] == 'IT'].copy()
 
     # Step 4: Force column order explicitly
     it_df = it_df[['Employee_ID', 'Employee_Name', 'Department', 'Age', 'Salary',
                    'Hire_Date', 'City',
                    'Average_Salary_All_Employees',
                    'Oldest_Employee_Name',
                    'Oldest_Employee_Department']]
 
     return it_df
 
 
 # Run it (for testing outside Tableau Prep)
 if __name__ == '__main__':
     df = pd.read_csv('employee_tableau_prep_python_sample.csv')
     result = filter_and_enrich(df)
 
     print("=== IT Department Employees ===")
     print(result[['Employee_Name', 'Department', 'Age', 'Salary',
                   'Average_Salary_All_Employees',
                   'Oldest_Employee_Name',
                   'Oldest_Employee_Department']].to_string(index=False))
 def get_output_schema_6fdead12c033435b923f5cd1b1ec67aa(df = pd.DataFrame()):
     import inspect
     if len(inspect.getfullargspec(get_output_schema).args) == 0:
         return get_output_schema()
     else:
         return get_output_schema(df)
 result_schema_output = get_output_schema_6fdead12c033435b923f5cd1b1ec67aa(pd.DataFrame(_arg1))
 return result_schema_output.to_dict(orient='split') if isinstance(result_schema_output, pd.DataFrame) else result_schema_output

2026-05-07,03:21:38 [INFO] (web.py:web:2439): 200 POST /evaluate (127.0.0.1) 4.06ms
2026-05-07,03:21:38 [DEBUG] (base_handler.py:base_handler:115): Checking if need to handle authentication
2026-05-07,03:21:38 [DEBUG] (base_handler.py:base_handler:115): Handling authentication
2026-05-07,03:21:38 [INFO] (base_handler.py:base_handler:115): Authentication is not a required feature for API "v1"
2026-05-07,03:21:38 [DEBUG] (base_handler.py:base_handler:115): Checking request headers for authentication data
2026-05-07,03:21:38 [INFO] (base_handler.py:base_handler:115): Authorization header not found
2026-05-07,03:21:38 [DEBUG] (base_handler.py:base_handler:115): authentication not required, username and password are none
2026-05-07,03:21:38 [DEBUG] (state.py:state:526): Collecting Access-Control-Allow-Origin from state file ...
2026-05-07,03:21:38 [DEBUG] (state.py:state:628): Loading option 'Access-Control-Allow-Origin' from section [Service Info]...
2026-05-07,03:21:38 [DEBUG] (state.py:state:650): Returning value ''
2026-05-07,03:21:38 [DEBUG] (state.py:state:628): Loading option 'Access-Control-Allow-Headers' from section [Service Info]...
2026-05-07,03:21:38 [DEBUG] (state.py:state:650): Returning value ''
2026-05-07,03:21:38 [DEBUG] (state.py:state:628): Loading option 'Access-Control-Allow-Methods' from section [Service Info]...
2026-05-07,03:21:38 [DEBUG] (state.py:state:650): Returning value ''
2026-05-07,03:21:38 [DEBUG] (base_handler.py:base_handler:115): Processing POST request...
2026-05-07,03:21:38 [INFO] (base_handler.py:base_handler:115): function to evaluate=def _user_script(tabpy, _arg1):
 import pandas as pd
 def get_output_schema():
 	return 'a78715c4-973c-4d05-bba8-b0b3709c1293'
 def prep_string():
 	return ['prep_string_type']
 def prep_bool():
 	return ['prep_bool_type']
 def prep_int():
 	return ['prep_int_type']
 def prep_decimal():
     return ['prep_decimal_type']
 def prep_date():
 	return ['prep_date_type']
 def prep_datetime():
 	return ['prep_datetime_type']
 import pandas as pd
 
 
 def get_output_schema():
     return pd.DataFrame({
         'Employee_ID':                    prep_string(),
         'Employee_Name':                  prep_string(),
         'Department':                     prep_string(),
         'Age':                            prep_int(),
         'Salary':                         prep_int(),
         'Hire_Date':                      prep_string(),
         'City':                           prep_string(),
         'Average_Salary_All_Employees':   prep_decimal(),
         'Oldest_Employee_Name':           prep_string(),
         'Oldest_Employee_Department':     prep_string()
     })
 
 
 def filter_and_enrich(df):
     # Step 1: Compute metrics across ALL employees BEFORE filtering
     avg_salary = df['Salary'].mean()
     oldest_row = df.loc[df['Age'].idxmax()]
     oldest_name = oldest_row['Employee_Name']
     oldest_dept = oldest_row['Department']
 
     # Step 2: Add new columns
     df['Average_Salary_All_Employees'] = avg_salary
     df['Oldest_Employee_Name'] = oldest_name
     df['Oldest_Employee_Department'] = oldest_dept
 
     # Step 3: Filter to IT department only
     it_df = df[df['Department'] == 'IT'].copy()
 
     # Step 4: Force column order explicitly
     it_df = it_df[['Employee_ID', 'Employee_Name', 'Department', 'Age', 'Salary',
                    'Hire_Date', 'City',
                    'Average_Salary_All_Employees',
                    'Oldest_Employee_Name',
                    'Oldest_Employee_Department']]
 
     return it_df
 
 
 # Run it (for testing outside Tableau Prep)
 if __name__ == '__main__':
     df = pd.read_csv('employee_tableau_prep_python_sample.csv')
     result = filter_and_enrich(df)
 
     print("=== IT Department Employees ===")
     print(result[['Employee_Name', 'Department', 'Age', 'Salary',
                   'Average_Salary_All_Employees',
                   'Oldest_Employee_Name',
                   'Oldest_Employee_Department']].to_string(index=False))
 def get_output_schema_6fdead12c033435b923f5cd1b1ec67aa(df = pd.DataFrame()):
     import inspect
     if len(inspect.getfullargspec(get_output_schema).args) == 0:
         return get_output_schema()
     else:
         return get_output_schema(df)
 result_schema_output = get_output_schema_6fdead12c033435b923f5cd1b1ec67aa(pd.DataFrame(_arg1))
 return result_schema_output.to_dict(orient='split') if isinstance(result_schema_output, pd.DataFrame) else result_schema_output

2026-05-07,03:21:38 [INFO] (web.py:web:2439): 200 POST /evaluate (127.0.0.1) 4.04ms
2026-05-07,03:21:39 [DEBUG] (base_handler.py:base_handler:115): Checking if need to handle authentication
2026-05-07,03:21:39 [DEBUG] (base_handler.py:base_handler:115): Handling authentication
2026-05-07,03:21:39 [INFO] (base_handler.py:base_handler:115): Authentication is not a required feature for API "v1"
2026-05-07,03:21:39 [DEBUG] (base_handler.py:base_handler:115): Checking request headers for authentication data
2026-05-07,03:21:39 [INFO] (base_handler.py:base_handler:115): Authorization header not found
2026-05-07,03:21:39 [DEBUG] (base_handler.py:base_handler:115): authentication not required, username and password are none
2026-05-07,03:21:39 [DEBUG] (state.py:state:526): Collecting Access-Control-Allow-Origin from state file ...
2026-05-07,03:21:39 [DEBUG] (state.py:state:628): Loading option 'Access-Control-Allow-Origin' from section [Service Info]...
2026-05-07,03:21:39 [DEBUG] (state.py:state:650): Returning value ''
2026-05-07,03:21:39 [DEBUG] (state.py:state:628): Loading option 'Access-Control-Allow-Headers' from section [Service Info]...
2026-05-07,03:21:39 [DEBUG] (state.py:state:650): Returning value ''
2026-05-07,03:21:39 [DEBUG] (state.py:state:628): Loading option 'Access-Control-Allow-Methods' from section [Service Info]...
2026-05-07,03:21:39 [DEBUG] (state.py:state:650): Returning value ''
2026-05-07,03:21:39 [DEBUG] (base_handler.py:base_handler:115): Processing POST request...
2026-05-07,03:21:39 [INFO] (base_handler.py:base_handler:115): function to evaluate=def _user_script(tabpy, _arg1):
 import pandas as pd
 import pandas as pd
 
 
 def get_output_schema():
     return pd.DataFrame({
         'Employee_ID':                    prep_string(),
         'Employee_Name':                  prep_string(),
         'Department':                     prep_string(),
         'Age':                            prep_int(),
         'Salary':                         prep_int(),
         'Hire_Date':                      prep_string(),
         'City':                           prep_string(),
         'Average_Salary_All_Employees':   prep_decimal(),
         'Oldest_Employee_Name':           prep_string(),
         'Oldest_Employee_Department':     prep_string()
     })
 
 
 def filter_and_enrich(df):
     # Step 1: Compute metrics across ALL employees BEFORE filtering
     avg_salary = df['Salary'].mean()
     oldest_row = df.loc[df['Age'].idxmax()]
     oldest_name = oldest_row['Employee_Name']
     oldest_dept = oldest_row['Department']
 
     # Step 2: Add new columns
     df['Average_Salary_All_Employees'] = avg_salary
     df['Oldest_Employee_Name'] = oldest_name
     df['Oldest_Employee_Department'] = oldest_dept
 
     # Step 3: Filter to IT department only
     it_df = df[df['Department'] == 'IT'].copy()
 
     # Step 4: Force column order explicitly
     it_df = it_df[['Employee_ID', 'Employee_Name', 'Department', 'Age', 'Salary',
                    'Hire_Date', 'City',
                    'Average_Salary_All_Employees',
                    'Oldest_Employee_Name',
                    'Oldest_Employee_Department']]
 
     return it_df
 
 
 # Run it (for testing outside Tableau Prep)
 if __name__ == '__main__':
     df = pd.read_csv('employee_tableau_prep_python_sample.csv')
     result = filter_and_enrich(df)
 
     print("=== IT Department Employees ===")
     print(result[['Employee_Name', 'Department', 'Age', 'Salary',
                   'Average_Salary_All_Employees',
                   'Oldest_Employee_Name',
                   'Oldest_Employee_Department']].to_string(index=False))
 execution_result = filter_and_enrich(pd.DataFrame(_arg1))
 return execution_result.to_dict(orient='list') if isinstance(execution_result, pd.DataFrame) else execution_result

2026-05-07,03:21:39 [INFO] (web.py:web:2439): 200 POST /evaluate (127.0.0.1) 6.14ms
2026-05-07,03:22:24 [DEBUG] (base_handler.py:base_handler:115): Checking if need to handle authentication
2026-05-07,03:22:24 [DEBUG] (base_handler.py:base_handler:115): Handling authentication
2026-05-07,03:22:24 [INFO] (base_handler.py:base_handler:115): Authentication is not a required feature for API "v1"
2026-05-07,03:22:24 [DEBUG] (base_handler.py:base_handler:115): Checking request headers for authentication data
2026-05-07,03:22:24 [INFO] (base_handler.py:base_handler:115): Authorization header not found
2026-05-07,03:22:24 [DEBUG] (base_handler.py:base_handler:115): authentication not required, username and password are none
2026-05-07,03:22:24 [DEBUG] (state.py:state:526): Collecting Access-Control-Allow-Origin from state file ...
2026-05-07,03:22:24 [DEBUG] (state.py:state:628): Loading option 'Access-Control-Allow-Origin' from section [Service Info]...
2026-05-07,03:22:24 [DEBUG] (state.py:state:650): Returning value ''
2026-05-07,03:22:24 [DEBUG] (state.py:state:628): Loading option 'Access-Control-Allow-Headers' from section [Service Info]...
2026-05-07,03:22:24 [DEBUG] (state.py:state:650): Returning value ''
2026-05-07,03:22:24 [DEBUG] (state.py:state:628): Loading option 'Access-Control-Allow-Methods' from section [Service Info]...
2026-05-07,03:22:24 [DEBUG] (state.py:state:650): Returning value ''
2026-05-07,03:22:24 [DEBUG] (base_handler.py:base_handler:115): Processing POST request...
2026-05-07,03:22:24 [INFO] (base_handler.py:base_handler:115): function to evaluate=def _user_script(tabpy, _arg1):
 import pandas as pd
 def get_output_schema():
 	return 'a78715c4-973c-4d05-bba8-b0b3709c1293'
 def prep_string():
 	return ['prep_string_type']
 def prep_bool():
 	return ['prep_bool_type']
 def prep_int():
 	return ['prep_int_type']
 def prep_decimal():
     return ['prep_decimal_type']
 def prep_date():
 	return ['prep_date_type']
 def prep_datetime():
 	return ['prep_datetime_type']
 import pandas as pd
 
 
 def get_output_schema():
     return pd.DataFrame({
         'Employee_ID':                    prep_string(),
         'Employee_Name':                  prep_string(),
         'Department':                     prep_string(),
         'Age':                            prep_int(),
         'Salary':                         prep_int(),
         'Hire_Date':                      prep_string(),
         'City':                           prep_string(),
         'Average_Salary_All_Employees':   prep_decimal(),
         'Oldest_Employee_Name':           prep_string(),
         'Oldest_Employee_Department':     prep_string()
     })
 
 
 def filter_and_enrich(df):
     # Step 1: Compute metrics across ALL employees BEFORE filtering
     avg_salary = df['Salary'].mean()
     oldest_row = df.loc[df['Age'].idxmax()]
     oldest_name = oldest_row['Employee_Name']
     oldest_dept = oldest_row['Department']
 
     # Step 2: Add new columns
     df['Average_Salary_All_Employees'] = avg_salary
     df['Oldest_Employee_Name'] = oldest_name
     df['Oldest_Employee_Department'] = oldest_dept
 
     # Step 3: Filter to IT department only
     it_df = df[df['Department'] == 'IT'].copy()
 
     # Step 4: Force column order explicitly
     it_df = it_df[['Employee_ID', 'Employee_Name', 'Department', 'Age', 'Salary',
                    'Hire_Date', 'City',
                    'Average_Salary_All_Employees',
                    'Oldest_Employee_Name',
                    'Oldest_Employee_Department']]
 
     return it_df
 
 
 # Run it (for testing outside Tableau Prep)
 if __name__ == '__main__':
     df = pd.read_csv('employee_tableau_prep_python_sample.csv')
     result = filter_and_enrich(df)
 
     print("=== IT Department Employees ===")
     print(result[['Employee_Name', 'Department', 'Age', 'Salary',
                   'Average_Salary_All_Employees',
                   'Oldest_Employee_Name',
                   'Oldest_Employee_Department']].to_string(index=False))
 def get_output_schema_6fdead12c033435b923f5cd1b1ec67aa(df = pd.DataFrame()):
     import inspect
     if len(inspect.getfullargspec(get_output_schema).args) == 0:
         return get_output_schema()
     else:
         return get_output_schema(df)
 result_schema_output = get_output_schema_6fdead12c033435b923f5cd1b1ec67aa(pd.DataFrame(_arg1))
 return result_schema_output.to_dict(orient='split') if isinstance(result_schema_output, pd.DataFrame) else result_schema_output

2026-05-07,03:22:24 [DEBUG] (base_handler.py:base_handler:115): Checking if need to handle authentication
2026-05-07,03:22:24 [DEBUG] (base_handler.py:base_handler:115): Handling authentication
2026-05-07,03:22:24 [INFO] (base_handler.py:base_handler:115): Authentication is not a required feature for API "v1"
2026-05-07,03:22:24 [DEBUG] (base_handler.py:base_handler:115): Checking request headers for authentication data
2026-05-07,03:22:24 [INFO] (base_handler.py:base_handler:115): Authorization header not found
2026-05-07,03:22:24 [DEBUG] (base_handler.py:base_handler:115): authentication not required, username and password are none
2026-05-07,03:22:24 [DEBUG] (state.py:state:526): Collecting Access-Control-Allow-Origin from state file ...
2026-05-07,03:22:24 [DEBUG] (state.py:state:628): Loading option 'Access-Control-Allow-Origin' from section [Service Info]...
2026-05-07,03:22:24 [DEBUG] (state.py:state:650): Returning value ''
2026-05-07,03:22:24 [DEBUG] (state.py:state:628): Loading option 'Access-Control-Allow-Headers' from section [Service Info]...
2026-05-07,03:22:24 [DEBUG] (state.py:state:650): Returning value ''
2026-05-07,03:22:24 [DEBUG] (state.py:state:628): Loading option 'Access-Control-Allow-Methods' from section [Service Info]...
2026-05-07,03:22:24 [DEBUG] (state.py:state:650): Returning value ''
2026-05-07,03:22:24 [DEBUG] (base_handler.py:base_handler:115): Processing POST request...
2026-05-07,03:22:24 [INFO] (base_handler.py:base_handler:115): function to evaluate=def _user_script(tabpy, _arg1):
 import pandas as pd
 def get_output_schema():
 	return 'a78715c4-973c-4d05-bba8-b0b3709c1293'
 def prep_string():
 	return ['prep_string_type']
 def prep_bool():
 	return ['prep_bool_type']
 def prep_int():
 	return ['prep_int_type']
 def prep_decimal():
     return ['prep_decimal_type']
 def prep_date():
 	return ['prep_date_type']
 def prep_datetime():
 	return ['prep_datetime_type']
 import pandas as pd
 
 
 def get_output_schema():
     return pd.DataFrame({
         'Employee_ID':                    prep_string(),
         'Employee_Name':                  prep_string(),
         'Department':                     prep_string(),
         'Age':                            prep_int(),
         'Salary':                         prep_int(),
         'Hire_Date':                      prep_string(),
         'City':                           prep_string(),
         'Average_Salary_All_Employees':   prep_decimal(),
         'Oldest_Employee_Name':           prep_string(),
         'Oldest_Employee_Department':     prep_string()
     })
 
 
 def filter_and_enrich(df):
     # Step 1: Compute metrics across ALL employees BEFORE filtering
     avg_salary = df['Salary'].mean()
     oldest_row = df.loc[df['Age'].idxmax()]
     oldest_name = oldest_row['Employee_Name']
     oldest_dept = oldest_row['Department']
 
     # Step 2: Add new columns
     df['Average_Salary_All_Employees'] = avg_salary
     df['Oldest_Employee_Name'] = oldest_name
     df['Oldest_Employee_Department'] = oldest_dept
 
     # Step 3: Filter to IT department only
     it_df = df[df['Department'] == 'IT'].copy()
 
     # Step 4: Force column order explicitly
     it_df = it_df[['Employee_ID', 'Employee_Name', 'Department', 'Age', 'Salary',
                    'Hire_Date', 'City',
                    'Average_Salary_All_Employees',
                    'Oldest_Employee_Name',
                    'Oldest_Employee_Department']]
 
     return it_df
 
 
 # Run it (for testing outside Tableau Prep)
 if __name__ == '__main__':
     df = pd.read_csv('employee_tableau_prep_python_sample.csv')
     result = filter_and_enrich(df)
 
     print("=== IT Department Employees ===")
     print(result[['Employee_Name', 'Department', 'Age', 'Salary',
                   'Average_Salary_All_Employees',
                   'Oldest_Employee_Name',
                   'Oldest_Employee_Department']].to_string(index=False))
 def get_output_schema_6fdead12c033435b923f5cd1b1ec67aa(df = pd.DataFrame()):
     import inspect
     if len(inspect.getfullargspec(get_output_schema).args) == 0:
         return get_output_schema()
     else:
         return get_output_schema(df)
 result_schema_output = get_output_schema_6fdead12c033435b923f5cd1b1ec67aa(pd.DataFrame(_arg1))
 return result_schema_output.to_dict(orient='split') if isinstance(result_schema_output, pd.DataFrame) else result_schema_output

2026-05-07,03:22:24 [INFO] (web.py:web:2439): 200 POST /evaluate (127.0.0.1) 9.30ms
2026-05-07,03:22:24 [INFO] (web.py:web:2439): 200 POST /evaluate (127.0.0.1) 6.17ms
2026-05-07,03:22:24 [DEBUG] (base_handler.py:base_handler:115): Checking if need to handle authentication
2026-05-07,03:22:24 [DEBUG] (base_handler.py:base_handler:115): Handling authentication
2026-05-07,03:22:24 [INFO] (base_handler.py:base_handler:115): Authentication is not a required feature for API "v1"
2026-05-07,03:22:24 [DEBUG] (base_handler.py:base_handler:115): Checking request headers for authentication data
2026-05-07,03:22:24 [INFO] (base_handler.py:base_handler:115): Authorization header not found
2026-05-07,03:22:24 [DEBUG] (base_handler.py:base_handler:115): authentication not required, username and password are none
2026-05-07,03:22:24 [DEBUG] (state.py:state:526): Collecting Access-Control-Allow-Origin from state file ...
2026-05-07,03:22:24 [DEBUG] (state.py:state:628): Loading option 'Access-Control-Allow-Origin' from section [Service Info]...
2026-05-07,03:22:24 [DEBUG] (state.py:state:650): Returning value ''
2026-05-07,03:22:24 [DEBUG] (state.py:state:628): Loading option 'Access-Control-Allow-Headers' from section [Service Info]...
2026-05-07,03:22:24 [DEBUG] (state.py:state:650): Returning value ''
2026-05-07,03:22:24 [DEBUG] (state.py:state:628): Loading option 'Access-Control-Allow-Methods' from section [Service Info]...
2026-05-07,03:22:24 [DEBUG] (state.py:state:650): Returning value ''
2026-05-07,03:22:24 [DEBUG] (base_handler.py:base_handler:115): Processing POST request...
2026-05-07,03:22:24 [INFO] (base_handler.py:base_handler:115): function to evaluate=def _user_script(tabpy, _arg1):
 import pandas as pd
 def get_output_schema():
 	return 'a78715c4-973c-4d05-bba8-b0b3709c1293'
 def prep_string():
 	return ['prep_string_type']
 def prep_bool():
 	return ['prep_bool_type']
 def prep_int():
 	return ['prep_int_type']
 def prep_decimal():
     return ['prep_decimal_type']
 def prep_date():
 	return ['prep_date_type']
 def prep_datetime():
 	return ['prep_datetime_type']
 import pandas as pd
 
 
 def get_output_schema():
     return pd.DataFrame({
         'Employee_ID':                    prep_string(),
         'Employee_Name':                  prep_string(),
         'Department':                     prep_string(),
         'Age':                            prep_int(),
         'Salary':                         prep_int(),
         'Hire_Date':                      prep_string(),
         'City':                           prep_string(),
         'Average_Salary_All_Employees':   prep_decimal(),
         'Oldest_Employee_Name':           prep_string(),
         'Oldest_Employee_Department':     prep_string()
     })
 
 
 def filter_and_enrich(df):
     # Step 1: Compute metrics across ALL employees BEFORE filtering
     avg_salary = df['Salary'].mean()
     oldest_row = df.loc[df['Age'].idxmax()]
     oldest_name = oldest_row['Employee_Name']
     oldest_dept = oldest_row['Department']
 
     # Step 2: Add new columns
     df['Average_Salary_All_Employees'] = avg_salary
     df['Oldest_Employee_Name'] = oldest_name
     df['Oldest_Employee_Department'] = oldest_dept
 
     # Step 3: Filter to IT department only
     it_df = df[df['Department'] == 'IT'].copy()
 
     # Step 4: Force column order explicitly
     it_df = it_df[['Employee_ID', 'Employee_Name', 'Department', 'Age', 'Salary',
                    'Hire_Date', 'City',
                    'Average_Salary_All_Employees',
                    'Oldest_Employee_Name',
                    'Oldest_Employee_Department']]
 
     return it_df
 
 
 # Run it (for testing outside Tableau Prep)
 if __name__ == '__main__':
     df = pd.read_csv('employee_tableau_prep_python_sample.csv')
     result = filter_and_enrich(df)
 
     print("=== IT Department Employees ===")
     print(result[['Employee_Name', 'Department', 'Age', 'Salary',
                   'Average_Salary_All_Employees',
                   'Oldest_Employee_Name',
                   'Oldest_Employee_Department']].to_string(index=False))
 def get_output_schema_6fdead12c033435b923f5cd1b1ec67aa(df = pd.DataFrame()):
     import inspect
     if len(inspect.getfullargspec(get_output_schema).args) == 0:
         return get_output_schema()
     else:
         return get_output_schema(df)
 result_schema_output = get_output_schema_6fdead12c033435b923f5cd1b1ec67aa(pd.DataFrame(_arg1))
 return result_schema_output.to_dict(orient='split') if isinstance(result_schema_output, pd.DataFrame) else result_schema_output

2026-05-07,03:22:24 [DEBUG] (base_handler.py:base_handler:115): Checking if need to handle authentication
2026-05-07,03:22:24 [DEBUG] (base_handler.py:base_handler:115): Handling authentication
2026-05-07,03:22:24 [INFO] (base_handler.py:base_handler:115): Authentication is not a required feature for API "v1"
2026-05-07,03:22:24 [DEBUG] (base_handler.py:base_handler:115): Checking request headers for authentication data
2026-05-07,03:22:24 [INFO] (base_handler.py:base_handler:115): Authorization header not found
2026-05-07,03:22:24 [DEBUG] (base_handler.py:base_handler:115): authentication not required, username and password are none
2026-05-07,03:22:24 [DEBUG] (state.py:state:526): Collecting Access-Control-Allow-Origin from state file ...
2026-05-07,03:22:24 [DEBUG] (state.py:state:628): Loading option 'Access-Control-Allow-Origin' from section [Service Info]...
2026-05-07,03:22:24 [DEBUG] (state.py:state:650): Returning value ''
2026-05-07,03:22:24 [DEBUG] (state.py:state:628): Loading option 'Access-Control-Allow-Headers' from section [Service Info]...
2026-05-07,03:22:24 [DEBUG] (state.py:state:650): Returning value ''
2026-05-07,03:22:24 [DEBUG] (state.py:state:628): Loading option 'Access-Control-Allow-Methods' from section [Service Info]...
2026-05-07,03:22:24 [DEBUG] (state.py:state:650): Returning value ''
2026-05-07,03:22:24 [DEBUG] (base_handler.py:base_handler:115): Processing POST request...
2026-05-07,03:22:24 [INFO] (base_handler.py:base_handler:115): function to evaluate=def _user_script(tabpy, _arg1):
 import pandas as pd
 def get_output_schema():
 	return 'a78715c4-973c-4d05-bba8-b0b3709c1293'
 def prep_string():
 	return ['prep_string_type']
 def prep_bool():
 	return ['prep_bool_type']
 def prep_int():
 	return ['prep_int_type']
 def prep_decimal():
     return ['prep_decimal_type']
 def prep_date():
 	return ['prep_date_type']
 def prep_datetime():
 	return ['prep_datetime_type']
 import pandas as pd
 
 
 def get_output_schema():
     return pd.DataFrame({
         'Employee_ID':                    prep_string(),
         'Employee_Name':                  prep_string(),
         'Department':                     prep_string(),
         'Age':                            prep_int(),
         'Salary':                         prep_int(),
         'Hire_Date':                      prep_string(),
         'City':                           prep_string(),
         'Average_Salary_All_Employees':   prep_decimal(),
         'Oldest_Employee_Name':           prep_string(),
         'Oldest_Employee_Department':     prep_string()
     })
 
 
 def filter_and_enrich(df):
     # Step 1: Compute metrics across ALL employees BEFORE filtering
     avg_salary = df['Salary'].mean()
     oldest_row = df.loc[df['Age'].idxmax()]
     oldest_name = oldest_row['Employee_Name']
     oldest_dept = oldest_row['Department']
 
     # Step 2: Add new columns
     df['Average_Salary_All_Employees'] = avg_salary
     df['Oldest_Employee_Name'] = oldest_name
     df['Oldest_Employee_Department'] = oldest_dept
 
     # Step 3: Filter to IT department only
     it_df = df[df['Department'] == 'IT'].copy()
 
     # Step 4: Force column order explicitly
     it_df = it_df[['Employee_ID', 'Employee_Name', 'Department', 'Age', 'Salary',
                    'Hire_Date', 'City',
                    'Average_Salary_All_Employees',
                    'Oldest_Employee_Name',
                    'Oldest_Employee_Department']]
 
     return it_df
 
 
 # Run it (for testing outside Tableau Prep)
 if __name__ == '__main__':
     df = pd.read_csv('employee_tableau_prep_python_sample.csv')
     result = filter_and_enrich(df)
 
     print("=== IT Department Employees ===")
     print(result[['Employee_Name', 'Department', 'Age', 'Salary',
                   'Average_Salary_All_Employees',
                   'Oldest_Employee_Name',
                   'Oldest_Employee_Department']].to_string(index=False))
 def get_output_schema_6fdead12c033435b923f5cd1b1ec67aa(df = pd.DataFrame()):
     import inspect
     if len(inspect.getfullargspec(get_output_schema).args) == 0:
         return get_output_schema()
     else:
         return get_output_schema(df)
 result_schema_output = get_output_schema_6fdead12c033435b923f5cd1b1ec67aa(pd.DataFrame(_arg1))
 return result_schema_output.to_dict(orient='split') if isinstance(result_schema_output, pd.DataFrame) else result_schema_output

2026-05-07,03:22:24 [INFO] (web.py:web:2439): 200 POST /evaluate (127.0.0.1) 7.92ms
2026-05-07,03:22:24 [INFO] (web.py:web:2439): 200 POST /evaluate (127.0.0.1) 6.42ms
2026-05-07,03:22:24 [DEBUG] (base_handler.py:base_handler:115): Checking if need to handle authentication
2026-05-07,03:22:24 [DEBUG] (base_handler.py:base_handler:115): Handling authentication
2026-05-07,03:22:24 [INFO] (base_handler.py:base_handler:115): Authentication is not a required feature for API "v1"
2026-05-07,03:22:24 [DEBUG] (base_handler.py:base_handler:115): Checking request headers for authentication data
2026-05-07,03:22:24 [INFO] (base_handler.py:base_handler:115): Authorization header not found
2026-05-07,03:22:24 [DEBUG] (base_handler.py:base_handler:115): authentication not required, username and password are none
2026-05-07,03:22:24 [DEBUG] (state.py:state:526): Collecting Access-Control-Allow-Origin from state file ...
2026-05-07,03:22:24 [DEBUG] (state.py:state:628): Loading option 'Access-Control-Allow-Origin' from section [Service Info]...
2026-05-07,03:22:24 [DEBUG] (state.py:state:650): Returning value ''
2026-05-07,03:22:24 [DEBUG] (state.py:state:628): Loading option 'Access-Control-Allow-Headers' from section [Service Info]...
2026-05-07,03:22:24 [DEBUG] (state.py:state:650): Returning value ''
2026-05-07,03:22:24 [DEBUG] (state.py:state:628): Loading option 'Access-Control-Allow-Methods' from section [Service Info]...
2026-05-07,03:22:24 [DEBUG] (state.py:state:650): Returning value ''
2026-05-07,03:22:24 [DEBUG] (base_handler.py:base_handler:115): Processing POST request...
2026-05-07,03:22:24 [INFO] (base_handler.py:base_handler:115): function to evaluate=def _user_script(tabpy, _arg1):
 import pandas as pd
 import pandas as pd
 
 
 def get_output_schema():
     return pd.DataFrame({
         'Employee_ID':                    prep_string(),
         'Employee_Name':                  prep_string(),
         'Department':                     prep_string(),
         'Age':                            prep_int(),
         'Salary':                         prep_int(),
         'Hire_Date':                      prep_string(),
         'City':                           prep_string(),
         'Average_Salary_All_Employees':   prep_decimal(),
         'Oldest_Employee_Name':           prep_string(),
         'Oldest_Employee_Department':     prep_string()
     })
 
 
 def filter_and_enrich(df):
     # Step 1: Compute metrics across ALL employees BEFORE filtering
     avg_salary = df['Salary'].mean()
     oldest_row = df.loc[df['Age'].idxmax()]
     oldest_name = oldest_row['Employee_Name']
     oldest_dept = oldest_row['Department']
 
     # Step 2: Add new columns
     df['Average_Salary_All_Employees'] = avg_salary
     df['Oldest_Employee_Name'] = oldest_name
     df['Oldest_Employee_Department'] = oldest_dept
 
     # Step 3: Filter to IT department only
     it_df = df[df['Department'] == 'IT'].copy()
 
     # Step 4: Force column order explicitly
     it_df = it_df[['Employee_ID', 'Employee_Name', 'Department', 'Age', 'Salary',
                    'Hire_Date', 'City',
                    'Average_Salary_All_Employees',
                    'Oldest_Employee_Name',
                    'Oldest_Employee_Department']]
 
     return it_df
 
 
 # Run it (for testing outside Tableau Prep)
 if __name__ == '__main__':
     df = pd.read_csv('employee_tableau_prep_python_sample.csv')
     result = filter_and_enrich(df)
 
     print("=== IT Department Employees ===")
     print(result[['Employee_Name', 'Department', 'Age', 'Salary',
                   'Average_Salary_All_Employees',
                   'Oldest_Employee_Name',
                   'Oldest_Employee_Department']].to_string(index=False))
 execution_result = filter_and_enrich(pd.DataFrame(_arg1))
 return execution_result.to_dict(orient='list') if isinstance(execution_result, pd.DataFrame) else execution_result

2026-05-07,03:22:24 [INFO] (web.py:web:2439): 200 POST /evaluate (127.0.0.1) 6.46ms
2026-05-07,03:22:26 [DEBUG] (base_handler.py:base_handler:115): Checking if need to handle authentication
2026-05-07,03:22:26 [DEBUG] (base_handler.py:base_handler:115): Handling authentication
2026-05-07,03:22:26 [INFO] (base_handler.py:base_handler:115): Authentication is not a required feature for API "v1"
2026-05-07,03:22:26 [DEBUG] (base_handler.py:base_handler:115): Checking request headers for authentication data
2026-05-07,03:22:26 [INFO] (base_handler.py:base_handler:115): Authorization header not found
2026-05-07,03:22:26 [DEBUG] (base_handler.py:base_handler:115): authentication not required, username and password are none
2026-05-07,03:22:26 [DEBUG] (state.py:state:526): Collecting Access-Control-Allow-Origin from state file ...
2026-05-07,03:22:26 [DEBUG] (state.py:state:628): Loading option 'Access-Control-Allow-Origin' from section [Service Info]...
2026-05-07,03:22:26 [DEBUG] (state.py:state:650): Returning value ''
2026-05-07,03:22:26 [DEBUG] (state.py:state:628): Loading option 'Access-Control-Allow-Headers' from section [Service Info]...
2026-05-07,03:22:26 [DEBUG] (state.py:state:650): Returning value ''
2026-05-07,03:22:26 [DEBUG] (state.py:state:628): Loading option 'Access-Control-Allow-Methods' from section [Service Info]...
2026-05-07,03:22:26 [DEBUG] (state.py:state:650): Returning value ''
2026-05-07,03:22:26 [DEBUG] (base_handler.py:base_handler:115): Processing POST request...
2026-05-07,03:22:26 [INFO] (base_handler.py:base_handler:115): function to evaluate=def _user_script(tabpy, _arg1):
 import pandas as pd
 def get_output_schema():
 	return 'a78715c4-973c-4d05-bba8-b0b3709c1293'
 def prep_string():
 	return ['prep_string_type']
 def prep_bool():
 	return ['prep_bool_type']
 def prep_int():
 	return ['prep_int_type']
 def prep_decimal():
     return ['prep_decimal_type']
 def prep_date():
 	return ['prep_date_type']
 def prep_datetime():
 	return ['prep_datetime_type']
 import pandas as pd
 
 
 def get_output_schema():
     return pd.DataFrame({
         'Employee_ID':                    prep_string(),
         'Employee_Name':                  prep_string(),
         'Department':                     prep_string(),
         'Age':                            prep_int(),
         'Salary':                         prep_int(),
         'Hire_Date':                      prep_string(),
         'City':                           prep_string(),
         'Average_Salary_All_Employees':   prep_decimal(),
         'Oldest_Employee_Name':           prep_string(),
         'Oldest_Employee_Department':     prep_string()
     })
 
 
 def filter_and_enrich(df):
     # Step 1: Compute metrics across ALL employees BEFORE filtering
     avg_salary = df['Salary'].mean()
     oldest_row = df.loc[df['Age'].idxmax()]
     oldest_name = oldest_row['Employee_Name']
     oldest_dept = oldest_row['Department']
 
     # Step 2: Add new columns
     df['Average_Salary_All_Employees'] = avg_salary
     df['Oldest_Employee_Name'] = oldest_name
     df['Oldest_Employee_Department'] = oldest_dept
 
     # Step 3: Filter to IT department only
     it_df = df[df['Department'] == 'IT'].copy()
 
     # Step 4: Force column order explicitly
     it_df = it_df[['Employee_ID', 'Employee_Name', 'Department', 'Age', 'Salary',
                    'Hire_Date', 'City',
                    'Average_Salary_All_Employees',
                    'Oldest_Employee_Name',
                    'Oldest_Employee_Department']]
 
     return it_df
 
 
 # Run it (for testing outside Tableau Prep)
 if __name__ == '__main__':
     df = pd.read_csv('employee_tableau_prep_python_sample.csv')
     result = filter_and_enrich(df)
 
     print("=== IT Department Employees ===")
     print(result[['Employee_Name', 'Department', 'Age', 'Salary',
                   'Average_Salary_All_Employees',
                   'Oldest_Employee_Name',
                   'Oldest_Employee_Department']].to_string(index=False))
 def get_output_schema_6fdead12c033435b923f5cd1b1ec67aa(df = pd.DataFrame()):
     import inspect
     if len(inspect.getfullargspec(get_output_schema).args) == 0:
         return get_output_schema()
     else:
         return get_output_schema(df)
 result_schema_output = get_output_schema_6fdead12c033435b923f5cd1b1ec67aa(pd.DataFrame(_arg1))
 return result_schema_output.to_dict(orient='split') if isinstance(result_schema_output, pd.DataFrame) else result_schema_output

2026-05-07,03:22:26 [INFO] (web.py:web:2439): 200 POST /evaluate (127.0.0.1) 4.69ms
2026-05-07,03:22:26 [DEBUG] (base_handler.py:base_handler:115): Checking if need to handle authentication
2026-05-07,03:22:26 [DEBUG] (base_handler.py:base_handler:115): Handling authentication
2026-05-07,03:22:26 [INFO] (base_handler.py:base_handler:115): Authentication is not a required feature for API "v1"
2026-05-07,03:22:26 [DEBUG] (base_handler.py:base_handler:115): Checking request headers for authentication data
2026-05-07,03:22:26 [INFO] (base_handler.py:base_handler:115): Authorization header not found
2026-05-07,03:22:26 [DEBUG] (base_handler.py:base_handler:115): authentication not required, username and password are none
2026-05-07,03:22:26 [DEBUG] (state.py:state:526): Collecting Access-Control-Allow-Origin from state file ...
2026-05-07,03:22:26 [DEBUG] (state.py:state:628): Loading option 'Access-Control-Allow-Origin' from section [Service Info]...
2026-05-07,03:22:26 [DEBUG] (state.py:state:650): Returning value ''
2026-05-07,03:22:26 [DEBUG] (state.py:state:628): Loading option 'Access-Control-Allow-Headers' from section [Service Info]...
2026-05-07,03:22:26 [DEBUG] (state.py:state:650): Returning value ''
2026-05-07,03:22:26 [DEBUG] (state.py:state:628): Loading option 'Access-Control-Allow-Methods' from section [Service Info]...
2026-05-07,03:22:26 [DEBUG] (state.py:state:650): Returning value ''
2026-05-07,03:22:26 [DEBUG] (base_handler.py:base_handler:115): Processing POST request...
2026-05-07,03:22:26 [INFO] (base_handler.py:base_handler:115): function to evaluate=def _user_script(tabpy, _arg1):
 import pandas as pd
 def get_output_schema():
 	return 'a78715c4-973c-4d05-bba8-b0b3709c1293'
 def prep_string():
 	return ['prep_string_type']
 def prep_bool():
 	return ['prep_bool_type']
 def prep_int():
 	return ['prep_int_type']
 def prep_decimal():
     return ['prep_decimal_type']
 def prep_date():
 	return ['prep_date_type']
 def prep_datetime():
 	return ['prep_datetime_type']
 import pandas as pd
 
 
 def get_output_schema():
     return pd.DataFrame({
         'Employee_ID':                    prep_string(),
         'Employee_Name':                  prep_string(),
         'Department':                     prep_string(),
         'Age':                            prep_int(),
         'Salary':                         prep_int(),
         'Hire_Date':                      prep_string(),
         'City':                           prep_string(),
         'Average_Salary_All_Employees':   prep_decimal(),
         'Oldest_Employee_Name':           prep_string(),
         'Oldest_Employee_Department':     prep_string()
     })
 
 
 def filter_and_enrich(df):
     # Step 1: Compute metrics across ALL employees BEFORE filtering
     avg_salary = df['Salary'].mean()
     oldest_row = df.loc[df['Age'].idxmax()]
     oldest_name = oldest_row['Employee_Name']
     oldest_dept = oldest_row['Department']
 
     # Step 2: Add new columns
     df['Average_Salary_All_Employees'] = avg_salary
     df['Oldest_Employee_Name'] = oldest_name
     df['Oldest_Employee_Department'] = oldest_dept
 
     # Step 3: Filter to IT department only
     it_df = df[df['Department'] == 'IT'].copy()
 
     # Step 4: Force column order explicitly
     it_df = it_df[['Employee_ID', 'Employee_Name', 'Department', 'Age', 'Salary',
                    'Hire_Date', 'City',
                    'Average_Salary_All_Employees',
                    'Oldest_Employee_Name',
                    'Oldest_Employee_Department']]
 
     return it_df
 
 
 # Run it (for testing outside Tableau Prep)
 if __name__ == '__main__':
     df = pd.read_csv('employee_tableau_prep_python_sample.csv')
     result = filter_and_enrich(df)
 
     print("=== IT Department Employees ===")
     print(result[['Employee_Name', 'Department', 'Age', 'Salary',
                   'Average_Salary_All_Employees',
                   'Oldest_Employee_Name',
                   'Oldest_Employee_Department']].to_string(index=False))
 def get_output_schema_6fdead12c033435b923f5cd1b1ec67aa(df = pd.DataFrame()):
     import inspect
     if len(inspect.getfullargspec(get_output_schema).args) == 0:
         return get_output_schema()
     else:
         return get_output_schema(df)
 result_schema_output = get_output_schema_6fdead12c033435b923f5cd1b1ec67aa(pd.DataFrame(_arg1))
 return result_schema_output.to_dict(orient='split') if isinstance(result_schema_output, pd.DataFrame) else result_schema_output

2026-05-07,03:22:26 [INFO] (web.py:web:2439): 200 POST /evaluate (127.0.0.1) 4.59ms
2026-05-07,03:22:34 [DEBUG] (base_handler.py:base_handler:115): Checking if need to handle authentication
2026-05-07,03:22:34 [DEBUG] (base_handler.py:base_handler:115): Handling authentication
2026-05-07,03:22:34 [INFO] (base_handler.py:base_handler:115): Authentication is not a required feature for API "v1"
2026-05-07,03:22:34 [DEBUG] (base_handler.py:base_handler:115): Checking request headers for authentication data
2026-05-07,03:22:34 [INFO] (base_handler.py:base_handler:115): Authorization header not found
2026-05-07,03:22:34 [DEBUG] (base_handler.py:base_handler:115): authentication not required, username and password are none
2026-05-07,03:22:34 [DEBUG] (state.py:state:526): Collecting Access-Control-Allow-Origin from state file ...
2026-05-07,03:22:34 [DEBUG] (state.py:state:628): Loading option 'Access-Control-Allow-Origin' from section [Service Info]...
2026-05-07,03:22:34 [DEBUG] (state.py:state:650): Returning value ''
2026-05-07,03:22:34 [DEBUG] (state.py:state:628): Loading option 'Access-Control-Allow-Headers' from section [Service Info]...
2026-05-07,03:22:34 [DEBUG] (state.py:state:650): Returning value ''
2026-05-07,03:22:34 [DEBUG] (state.py:state:628): Loading option 'Access-Control-Allow-Methods' from section [Service Info]...
2026-05-07,03:22:34 [DEBUG] (state.py:state:650): Returning value ''
2026-05-07,03:22:34 [DEBUG] (base_handler.py:base_handler:115): Processing POST request...
2026-05-07,03:22:34 [INFO] (base_handler.py:base_handler:115): function to evaluate=def _user_script(tabpy, _arg1):
 import pandas as pd
 def get_output_schema():
 	return 'a78715c4-973c-4d05-bba8-b0b3709c1293'
 def prep_string():
 	return ['prep_string_type']
 def prep_bool():
 	return ['prep_bool_type']
 def prep_int():
 	return ['prep_int_type']
 def prep_decimal():
     return ['prep_decimal_type']
 def prep_date():
 	return ['prep_date_type']
 def prep_datetime():
 	return ['prep_datetime_type']
 import pandas as pd
 
 
 def get_output_schema():
     return pd.DataFrame({
         'Employee_ID':                    prep_string(),
         'Employee_Name':                  prep_string(),
         'Department':                     prep_string(),
         'Age':                            prep_int(),
         'Salary':                         prep_int(),
         'Hire_Date':                      prep_string(),
         'City':                           prep_string(),
         'Average_Salary_All_Employees':   prep_decimal(),
         'Oldest_Employee_Name':           prep_string(),
         'Oldest_Employee_Department':     prep_string()
     })
 
 
 def filter_and_enrich(df):
     # Step 1: Compute metrics across ALL employees BEFORE filtering
     avg_salary = df['Salary'].mean()
     oldest_row = df.loc[df['Age'].idxmax()]
     oldest_name = oldest_row['Employee_Name']
     oldest_dept = oldest_row['Department']
 
     # Step 2: Add new columns
     df['Average_Salary_All_Employees'] = avg_salary
     df['Oldest_Employee_Name'] = oldest_name
     df['Oldest_Employee_Department'] = oldest_dept
 
     # Step 3: Filter to IT department only
     it_df = df[df['Department'] == 'IT'].copy()
 
     # Step 4: Force column order explicitly
     it_df = it_df[['Employee_ID', 'Employee_Name', 'Department', 'Age', 'Salary',
                    'Hire_Date', 'City',
                    'Average_Salary_All_Employees',
                    'Oldest_Employee_Name',
                    'Oldest_Employee_Department']]
 
     return it_df
 
 
 # Run it (for testing outside Tableau Prep)
 if __name__ == '__main__':
     df = pd.read_csv('employee_tableau_prep_python_sample.csv')
     result = filter_and_enrich(df)
 
     print("=== IT Department Employees ===")
     print(result[['Employee_Name', 'Department', 'Age', 'Salary',
                   'Average_Salary_All_Employees',
                   'Oldest_Employee_Name',
                   'Oldest_Employee_Department']].to_string(index=False))
 def get_output_schema_6fdead12c033435b923f5cd1b1ec67aa(df = pd.DataFrame()):
     import inspect
     if len(inspect.getfullargspec(get_output_schema).args) == 0:
         return get_output_schema()
     else:
         return get_output_schema(df)
 result_schema_output = get_output_schema_6fdead12c033435b923f5cd1b1ec67aa(pd.DataFrame(_arg1))
 return result_schema_output.to_dict(orient='split') if isinstance(result_schema_output, pd.DataFrame) else result_schema_output

2026-05-07,03:22:34 [INFO] (web.py:web:2439): 200 POST /evaluate (127.0.0.1) 4.13ms
2026-05-07,03:22:34 [DEBUG] (base_handler.py:base_handler:115): Checking if need to handle authentication
2026-05-07,03:22:34 [DEBUG] (base_handler.py:base_handler:115): Handling authentication
2026-05-07,03:22:34 [INFO] (base_handler.py:base_handler:115): Authentication is not a required feature for API "v1"
2026-05-07,03:22:34 [DEBUG] (base_handler.py:base_handler:115): Checking request headers for authentication data
2026-05-07,03:22:34 [INFO] (base_handler.py:base_handler:115): Authorization header not found
2026-05-07,03:22:34 [DEBUG] (base_handler.py:base_handler:115): authentication not required, username and password are none
2026-05-07,03:22:34 [DEBUG] (state.py:state:526): Collecting Access-Control-Allow-Origin from state file ...
2026-05-07,03:22:34 [DEBUG] (state.py:state:628): Loading option 'Access-Control-Allow-Origin' from section [Service Info]...
2026-05-07,03:22:34 [DEBUG] (state.py:state:650): Returning value ''
2026-05-07,03:22:34 [DEBUG] (state.py:state:628): Loading option 'Access-Control-Allow-Headers' from section [Service Info]...
2026-05-07,03:22:34 [DEBUG] (state.py:state:650): Returning value ''
2026-05-07,03:22:34 [DEBUG] (state.py:state:628): Loading option 'Access-Control-Allow-Methods' from section [Service Info]...
2026-05-07,03:22:34 [DEBUG] (state.py:state:650): Returning value ''
2026-05-07,03:22:34 [DEBUG] (base_handler.py:base_handler:115): Processing POST request...
2026-05-07,03:22:34 [INFO] (base_handler.py:base_handler:115): function to evaluate=def _user_script(tabpy, _arg1):
 import pandas as pd
 def get_output_schema():
 	return 'a78715c4-973c-4d05-bba8-b0b3709c1293'
 def prep_string():
 	return ['prep_string_type']
 def prep_bool():
 	return ['prep_bool_type']
 def prep_int():
 	return ['prep_int_type']
 def prep_decimal():
     return ['prep_decimal_type']
 def prep_date():
 	return ['prep_date_type']
 def prep_datetime():
 	return ['prep_datetime_type']
 import pandas as pd
 
 
 def get_output_schema():
     return pd.DataFrame({
         'Employee_ID':                    prep_string(),
         'Employee_Name':                  prep_string(),
         'Department':                     prep_string(),
         'Age':                            prep_int(),
         'Salary':                         prep_int(),
         'Hire_Date':                      prep_string(),
         'City':                           prep_string(),
         'Average_Salary_All_Employees':   prep_decimal(),
         'Oldest_Employee_Name':           prep_string(),
         'Oldest_Employee_Department':     prep_string()
     })
 
 
 def filter_and_enrich(df):
     # Step 1: Compute metrics across ALL employees BEFORE filtering
     avg_salary = df['Salary'].mean()
     oldest_row = df.loc[df['Age'].idxmax()]
     oldest_name = oldest_row['Employee_Name']
     oldest_dept = oldest_row['Department']
 
     # Step 2: Add new columns
     df['Average_Salary_All_Employees'] = avg_salary
     df['Oldest_Employee_Name'] = oldest_name
     df['Oldest_Employee_Department'] = oldest_dept
 
     # Step 3: Filter to IT department only
     it_df = df[df['Department'] == 'IT'].copy()
 
     # Step 4: Force column order explicitly
     it_df = it_df[['Employee_ID', 'Employee_Name', 'Department', 'Age', 'Salary',
                    'Hire_Date', 'City',
                    'Average_Salary_All_Employees',
                    'Oldest_Employee_Name',
                    'Oldest_Employee_Department']]
 
     return it_df
 
 
 # Run it (for testing outside Tableau Prep)
 if __name__ == '__main__':
     df = pd.read_csv('employee_tableau_prep_python_sample.csv')
     result = filter_and_enrich(df)
 
     print("=== IT Department Employees ===")
     print(result[['Employee_Name', 'Department', 'Age', 'Salary',
                   'Average_Salary_All_Employees',
                   'Oldest_Employee_Name',
                   'Oldest_Employee_Department']].to_string(index=False))
 def get_output_schema_6fdead12c033435b923f5cd1b1ec67aa(df = pd.DataFrame()):
     import inspect
     if len(inspect.getfullargspec(get_output_schema).args) == 0:
         return get_output_schema()
     else:
         return get_output_schema(df)
 result_schema_output = get_output_schema_6fdead12c033435b923f5cd1b1ec67aa(pd.DataFrame(_arg1))
 return result_schema_output.to_dict(orient='split') if isinstance(result_schema_output, pd.DataFrame) else result_schema_output

2026-05-07,03:22:34 [INFO] (web.py:web:2439): 200 POST /evaluate (127.0.0.1) 4.11ms
2026-05-07,03:25:03 [DEBUG] (base_handler.py:base_handler:115): Checking if need to handle authentication
2026-05-07,03:25:03 [DEBUG] (base_handler.py:base_handler:115): Handling authentication
2026-05-07,03:25:03 [INFO] (base_handler.py:base_handler:115): Authentication is not a required feature for API "v1"
2026-05-07,03:25:03 [DEBUG] (base_handler.py:base_handler:115): Checking request headers for authentication data
2026-05-07,03:25:03 [INFO] (base_handler.py:base_handler:115): Authorization header not found
2026-05-07,03:25:03 [DEBUG] (base_handler.py:base_handler:115): authentication not required, username and password are none
2026-05-07,03:25:03 [DEBUG] (base_handler.py:base_handler:115): Checking if need to handle authentication
2026-05-07,03:25:03 [DEBUG] (base_handler.py:base_handler:115): Handling authentication
2026-05-07,03:25:03 [INFO] (base_handler.py:base_handler:115): Authentication is not a required feature for API "v1"
2026-05-07,03:25:03 [DEBUG] (base_handler.py:base_handler:115): Checking request headers for authentication data
2026-05-07,03:25:03 [INFO] (base_handler.py:base_handler:115): Authorization header not found
2026-05-07,03:25:03 [DEBUG] (base_handler.py:base_handler:115): authentication not required, username and password are none
2026-05-07,03:25:03 [DEBUG] (state.py:state:526): Collecting Access-Control-Allow-Origin from state file ...
2026-05-07,03:25:03 [DEBUG] (state.py:state:628): Loading option 'Access-Control-Allow-Origin' from section [Service Info]...
2026-05-07,03:25:03 [DEBUG] (state.py:state:650): Returning value ''
2026-05-07,03:25:03 [DEBUG] (state.py:state:628): Loading option 'Access-Control-Allow-Headers' from section [Service Info]...
2026-05-07,03:25:03 [DEBUG] (state.py:state:650): Returning value ''
2026-05-07,03:25:03 [DEBUG] (state.py:state:628): Loading option 'Access-Control-Allow-Methods' from section [Service Info]...
2026-05-07,03:25:03 [DEBUG] (state.py:state:650): Returning value ''
2026-05-07,03:25:03 [DEBUG] (base_handler.py:base_handler:115): Processing POST request...
2026-05-07,03:25:03 [INFO] (base_handler.py:base_handler:115): function to evaluate=def _user_script(tabpy, _arg1):
 import pandas as pd
 def get_output_schema():
 	return '1796cf30-73d1-41cc-9fbc-2644d426d2e4'
 def prep_string():
 	return ['prep_string_type']
 def prep_bool():
 	return ['prep_bool_type']
 def prep_int():
 	return ['prep_int_type']
 def prep_decimal():
     return ['prep_decimal_type']
 def prep_date():
 	return ['prep_date_type']
 def prep_datetime():
 	return ['prep_datetime_type']
 import pandas as pd
 
 
 def get_output_schema():
     return pd.DataFrame({
         'Employee_ID':                    prep_string(),
         'Employee_Name':                  prep_string(),
         'Department':                     prep_string(),
         'Age':                            prep_int(),
         'Salary':                         prep_int(),
         'Hire_Date':                      prep_string(),
         'City':                           prep_string(),
         'Average_Salary_All_Employees':   prep_decimal(),
         'Oldest_Employee_Name':           prep_string(),
         'Oldest_Employee_Department':     prep_string()
     })
 
 
 def filter_and_enrich(df):
     # Step 1: Compute metrics across ALL employees BEFORE filtering
     avg_salary = df['Salary'].mean()
     oldest_row = df.loc[df['Age'].idxmax()]
     oldest_name = oldest_row['Employee_Name']
     oldest_dept = oldest_row['Department']
 
     # Step 2: Add new columns
     df['Average_Salary_All_Employees'] = avg_salary
     df['Oldest_Employee_Name'] = oldest_name
     df['Oldest_Employee_Department'] = oldest_dept
 
     # Step 3: Filter to IT department only
     it_df = df[df['Department'] == 'IT'].copy()
 
     # Step 4: Force column order explicitly
     it_df = it_df[['Employee_ID', 'Employee_Name', 'Department', 'Age', 'Salary',
                    'Hire_Date', 'City',
                    'Average_Salary_All_Employees',
                    'Oldest_Employee_Name',
                    'Oldest_Employee_Department']]
 
     return it_df
 
 
 # Run it (for testing outside Tableau Prep)
 if __name__ == '__main__':
     df = pd.read_csv('employee_tableau_prep_python_sample.csv')
     result = filter_and_enrich(df)
 
     print("=== IT Department Employees ===")
     print(result[['Employee_Name', 'Department', 'Age', 'Salary',
                   'Average_Salary_All_Employees',
                   'Oldest_Employee_Name',
                   'Oldest_Employee_Department']].to_string(index=False))
 def get_output_schema_fc34f62f76864578add26da1f624ca2a(df = pd.DataFrame()):
     import inspect
     if len(inspect.getfullargspec(get_output_schema).args) == 0:
         return get_output_schema()
     else:
         return get_output_schema(df)
 result_schema_output = get_output_schema_fc34f62f76864578add26da1f624ca2a(pd.DataFrame(_arg1))
 return result_schema_output.to_dict(orient='split') if isinstance(result_schema_output, pd.DataFrame) else result_schema_output

2026-05-07,03:25:03 [DEBUG] (state.py:state:526): Collecting Access-Control-Allow-Origin from state file ...
2026-05-07,03:25:03 [DEBUG] (state.py:state:628): Loading option 'Access-Control-Allow-Origin' from section [Service Info]...
2026-05-07,03:25:03 [DEBUG] (state.py:state:650): Returning value ''
2026-05-07,03:25:03 [DEBUG] (state.py:state:628): Loading option 'Access-Control-Allow-Headers' from section [Service Info]...
2026-05-07,03:25:03 [DEBUG] (state.py:state:650): Returning value ''
2026-05-07,03:25:03 [DEBUG] (state.py:state:628): Loading option 'Access-Control-Allow-Methods' from section [Service Info]...
2026-05-07,03:25:03 [DEBUG] (state.py:state:650): Returning value ''
2026-05-07,03:25:03 [DEBUG] (base_handler.py:base_handler:115): Processing POST request...
2026-05-07,03:25:03 [INFO] (base_handler.py:base_handler:115): function to evaluate=def _user_script(tabpy, _arg1):
 import pandas as pd
 def get_output_schema():
 	return '1796cf30-73d1-41cc-9fbc-2644d426d2e4'
 def prep_string():
 	return ['prep_string_type']
 def prep_bool():
 	return ['prep_bool_type']
 def prep_int():
 	return ['prep_int_type']
 def prep_decimal():
     return ['prep_decimal_type']
 def prep_date():
 	return ['prep_date_type']
 def prep_datetime():
 	return ['prep_datetime_type']
 import pandas as pd
 
 
 def get_output_schema():
     return pd.DataFrame({
         'Employee_ID':                    prep_string(),
         'Employee_Name':                  prep_string(),
         'Department':                     prep_string(),
         'Age':                            prep_int(),
         'Salary':                         prep_int(),
         'Hire_Date':                      prep_string(),
         'City':                           prep_string(),
         'Average_Salary_All_Employees':   prep_decimal(),
         'Oldest_Employee_Name':           prep_string(),
         'Oldest_Employee_Department':     prep_string()
     })
 
 
 def filter_and_enrich(df):
     # Step 1: Compute metrics across ALL employees BEFORE filtering
     avg_salary = df['Salary'].mean()
     oldest_row = df.loc[df['Age'].idxmax()]
     oldest_name = oldest_row['Employee_Name']
     oldest_dept = oldest_row['Department']
 
     # Step 2: Add new columns
     df['Average_Salary_All_Employees'] = avg_salary
     df['Oldest_Employee_Name'] = oldest_name
     df['Oldest_Employee_Department'] = oldest_dept
 
     # Step 3: Filter to IT department only
     it_df = df[df['Department'] == 'IT'].copy()
 
     # Step 4: Force column order explicitly
     it_df = it_df[['Employee_ID', 'Employee_Name', 'Department', 'Age', 'Salary',
                    'Hire_Date', 'City',
                    'Average_Salary_All_Employees',
                    'Oldest_Employee_Name',
                    'Oldest_Employee_Department']]
 
     return it_df
 
 
 # Run it (for testing outside Tableau Prep)
 if __name__ == '__main__':
     df = pd.read_csv('employee_tableau_prep_python_sample.csv')
     result = filter_and_enrich(df)
 
     print("=== IT Department Employees ===")
     print(result[['Employee_Name', 'Department', 'Age', 'Salary',
                   'Average_Salary_All_Employees',
                   'Oldest_Employee_Name',
                   'Oldest_Employee_Department']].to_string(index=False))
 def get_output_schema_fc34f62f76864578add26da1f624ca2a(df = pd.DataFrame()):
     import inspect
     if len(inspect.getfullargspec(get_output_schema).args) == 0:
         return get_output_schema()
     else:
         return get_output_schema(df)
 result_schema_output = get_output_schema_fc34f62f76864578add26da1f624ca2a(pd.DataFrame(_arg1))
 return result_schema_output.to_dict(orient='split') if isinstance(result_schema_output, pd.DataFrame) else result_schema_output

2026-05-07,03:25:03 [INFO] (web.py:web:2439): 200 POST /evaluate (127.0.0.1) 13.04ms
2026-05-07,03:25:03 [INFO] (web.py:web:2439): 200 POST /evaluate (127.0.0.1) 13.78ms
2026-05-07,03:25:03 [DEBUG] (base_handler.py:base_handler:115): Checking if need to handle authentication
2026-05-07,03:25:03 [DEBUG] (base_handler.py:base_handler:115): Handling authentication
2026-05-07,03:25:03 [INFO] (base_handler.py:base_handler:115): Authentication is not a required feature for API "v1"
2026-05-07,03:25:03 [DEBUG] (base_handler.py:base_handler:115): Checking request headers for authentication data
2026-05-07,03:25:03 [INFO] (base_handler.py:base_handler:115): Authorization header not found
2026-05-07,03:25:03 [DEBUG] (base_handler.py:base_handler:115): authentication not required, username and password are none
2026-05-07,03:25:03 [DEBUG] (state.py:state:526): Collecting Access-Control-Allow-Origin from state file ...
2026-05-07,03:25:03 [DEBUG] (state.py:state:628): Loading option 'Access-Control-Allow-Origin' from section [Service Info]...
2026-05-07,03:25:03 [DEBUG] (state.py:state:650): Returning value ''
2026-05-07,03:25:03 [DEBUG] (state.py:state:628): Loading option 'Access-Control-Allow-Headers' from section [Service Info]...
2026-05-07,03:25:03 [DEBUG] (state.py:state:650): Returning value ''
2026-05-07,03:25:03 [DEBUG] (state.py:state:628): Loading option 'Access-Control-Allow-Methods' from section [Service Info]...
2026-05-07,03:25:03 [DEBUG] (state.py:state:650): Returning value ''
2026-05-07,03:25:03 [DEBUG] (base_handler.py:base_handler:115): Processing POST request...
2026-05-07,03:25:03 [INFO] (base_handler.py:base_handler:115): function to evaluate=def _user_script(tabpy, _arg1):
 import pandas as pd
 def get_output_schema():
 	return '1796cf30-73d1-41cc-9fbc-2644d426d2e4'
 def prep_string():
 	return ['prep_string_type']
 def prep_bool():
 	return ['prep_bool_type']
 def prep_int():
 	return ['prep_int_type']
 def prep_decimal():
     return ['prep_decimal_type']
 def prep_date():
 	return ['prep_date_type']
 def prep_datetime():
 	return ['prep_datetime_type']
 import pandas as pd
 
 
 def get_output_schema():
     return pd.DataFrame({
         'Employee_ID':                    prep_string(),
         'Employee_Name':                  prep_string(),
         'Department':                     prep_string(),
         'Age':                            prep_int(),
         'Salary':                         prep_int(),
         'Hire_Date':                      prep_string(),
         'City':                           prep_string(),
         'Average_Salary_All_Employees':   prep_decimal(),
         'Oldest_Employee_Name':           prep_string(),
         'Oldest_Employee_Department':     prep_string()
     })
 
 
 def filter_and_enrich(df):
     # Step 1: Compute metrics across ALL employees BEFORE filtering
     avg_salary = df['Salary'].mean()
     oldest_row = df.loc[df['Age'].idxmax()]
     oldest_name = oldest_row['Employee_Name']
     oldest_dept = oldest_row['Department']
 
     # Step 2: Add new columns
     df['Average_Salary_All_Employees'] = avg_salary
     df['Oldest_Employee_Name'] = oldest_name
     df['Oldest_Employee_Department'] = oldest_dept
 
     # Step 3: Filter to IT department only
     it_df = df[df['Department'] == 'IT'].copy()
 
     # Step 4: Force column order explicitly
     it_df = it_df[['Employee_ID', 'Employee_Name', 'Department', 'Age', 'Salary',
                    'Hire_Date', 'City',
                    'Average_Salary_All_Employees',
                    'Oldest_Employee_Name',
                    'Oldest_Employee_Department']]
 
     return it_df
 
 
 # Run it (for testing outside Tableau Prep)
 if __name__ == '__main__':
     df = pd.read_csv('employee_tableau_prep_python_sample.csv')
     result = filter_and_enrich(df)
 
     print("=== IT Department Employees ===")
     print(result[['Employee_Name', 'Department', 'Age', 'Salary',
                   'Average_Salary_All_Employees',
                   'Oldest_Employee_Name',
                   'Oldest_Employee_Department']].to_string(index=False))
 def get_output_schema_fc34f62f76864578add26da1f624ca2a(df = pd.DataFrame()):
     import inspect
     if len(inspect.getfullargspec(get_output_schema).args) == 0:
         return get_output_schema()
     else:
         return get_output_schema(df)
 result_schema_output = get_output_schema_fc34f62f76864578add26da1f624ca2a(pd.DataFrame(_arg1))
 return result_schema_output.to_dict(orient='split') if isinstance(result_schema_output, pd.DataFrame) else result_schema_output

2026-05-07,03:25:03 [DEBUG] (base_handler.py:base_handler:115): Checking if need to handle authentication
2026-05-07,03:25:03 [DEBUG] (base_handler.py:base_handler:115): Handling authentication
2026-05-07,03:25:03 [INFO] (base_handler.py:base_handler:115): Authentication is not a required feature for API "v1"
2026-05-07,03:25:03 [DEBUG] (base_handler.py:base_handler:115): Checking request headers for authentication data
2026-05-07,03:25:03 [INFO] (base_handler.py:base_handler:115): Authorization header not found
2026-05-07,03:25:03 [DEBUG] (base_handler.py:base_handler:115): authentication not required, username and password are none
2026-05-07,03:25:03 [DEBUG] (state.py:state:526): Collecting Access-Control-Allow-Origin from state file ...
2026-05-07,03:25:03 [DEBUG] (state.py:state:628): Loading option 'Access-Control-Allow-Origin' from section [Service Info]...
2026-05-07,03:25:03 [DEBUG] (state.py:state:650): Returning value ''
2026-05-07,03:25:03 [DEBUG] (state.py:state:628): Loading option 'Access-Control-Allow-Headers' from section [Service Info]...
2026-05-07,03:25:03 [DEBUG] (state.py:state:650): Returning value ''
2026-05-07,03:25:03 [DEBUG] (state.py:state:628): Loading option 'Access-Control-Allow-Methods' from section [Service Info]...
2026-05-07,03:25:03 [DEBUG] (state.py:state:650): Returning value ''
2026-05-07,03:25:03 [DEBUG] (base_handler.py:base_handler:115): Processing POST request...
2026-05-07,03:25:03 [INFO] (base_handler.py:base_handler:115): function to evaluate=def _user_script(tabpy, _arg1):
 import pandas as pd
 def get_output_schema():
 	return '1796cf30-73d1-41cc-9fbc-2644d426d2e4'
 def prep_string():
 	return ['prep_string_type']
 def prep_bool():
 	return ['prep_bool_type']
 def prep_int():
 	return ['prep_int_type']
 def prep_decimal():
     return ['prep_decimal_type']
 def prep_date():
 	return ['prep_date_type']
 def prep_datetime():
 	return ['prep_datetime_type']
 import pandas as pd
 
 
 def get_output_schema():
     return pd.DataFrame({
         'Employee_ID':                    prep_string(),
         'Employee_Name':                  prep_string(),
         'Department':                     prep_string(),
         'Age':                            prep_int(),
         'Salary':                         prep_int(),
         'Hire_Date':                      prep_string(),
         'City':                           prep_string(),
         'Average_Salary_All_Employees':   prep_decimal(),
         'Oldest_Employee_Name':           prep_string(),
         'Oldest_Employee_Department':     prep_string()
     })
 
 
 def filter_and_enrich(df):
     # Step 1: Compute metrics across ALL employees BEFORE filtering
     avg_salary = df['Salary'].mean()
     oldest_row = df.loc[df['Age'].idxmax()]
     oldest_name = oldest_row['Employee_Name']
     oldest_dept = oldest_row['Department']
 
     # Step 2: Add new columns
     df['Average_Salary_All_Employees'] = avg_salary
     df['Oldest_Employee_Name'] = oldest_name
     df['Oldest_Employee_Department'] = oldest_dept
 
     # Step 3: Filter to IT department only
     it_df = df[df['Department'] == 'IT'].copy()
 
     # Step 4: Force column order explicitly
     it_df = it_df[['Employee_ID', 'Employee_Name', 'Department', 'Age', 'Salary',
                    'Hire_Date', 'City',
                    'Average_Salary_All_Employees',
                    'Oldest_Employee_Name',
                    'Oldest_Employee_Department']]
 
     return it_df
 
 
 # Run it (for testing outside Tableau Prep)
 if __name__ == '__main__':
     df = pd.read_csv('employee_tableau_prep_python_sample.csv')
     result = filter_and_enrich(df)
 
     print("=== IT Department Employees ===")
     print(result[['Employee_Name', 'Department', 'Age', 'Salary',
                   'Average_Salary_All_Employees',
                   'Oldest_Employee_Name',
                   'Oldest_Employee_Department']].to_string(index=False))
 def get_output_schema_fc34f62f76864578add26da1f624ca2a(df = pd.DataFrame()):
     import inspect
     if len(inspect.getfullargspec(get_output_schema).args) == 0:
         return get_output_schema()
     else:
         return get_output_schema(df)
 result_schema_output = get_output_schema_fc34f62f76864578add26da1f624ca2a(pd.DataFrame(_arg1))
 return result_schema_output.to_dict(orient='split') if isinstance(result_schema_output, pd.DataFrame) else result_schema_output

2026-05-07,03:25:03 [INFO] (web.py:web:2439): 200 POST /evaluate (127.0.0.1) 10.58ms
2026-05-07,03:25:03 [INFO] (web.py:web:2439): 200 POST /evaluate (127.0.0.1) 9.58ms
2026-05-07,03:25:03 [DEBUG] (base_handler.py:base_handler:115): Checking if need to handle authentication
2026-05-07,03:25:03 [DEBUG] (base_handler.py:base_handler:115): Handling authentication
2026-05-07,03:25:03 [INFO] (base_handler.py:base_handler:115): Authentication is not a required feature for API "v1"
2026-05-07,03:25:03 [DEBUG] (base_handler.py:base_handler:115): Checking request headers for authentication data
2026-05-07,03:25:03 [INFO] (base_handler.py:base_handler:115): Authorization header not found
2026-05-07,03:25:03 [DEBUG] (base_handler.py:base_handler:115): authentication not required, username and password are none
2026-05-07,03:25:03 [DEBUG] (state.py:state:526): Collecting Access-Control-Allow-Origin from state file ...
2026-05-07,03:25:03 [DEBUG] (state.py:state:628): Loading option 'Access-Control-Allow-Origin' from section [Service Info]...
2026-05-07,03:25:03 [DEBUG] (state.py:state:650): Returning value ''
2026-05-07,03:25:03 [DEBUG] (state.py:state:628): Loading option 'Access-Control-Allow-Headers' from section [Service Info]...
2026-05-07,03:25:03 [DEBUG] (state.py:state:650): Returning value ''
2026-05-07,03:25:03 [DEBUG] (state.py:state:628): Loading option 'Access-Control-Allow-Methods' from section [Service Info]...
2026-05-07,03:25:03 [DEBUG] (state.py:state:650): Returning value ''
2026-05-07,03:25:03 [DEBUG] (base_handler.py:base_handler:115): Processing POST request...
2026-05-07,03:25:03 [INFO] (base_handler.py:base_handler:115): function to evaluate=def _user_script(tabpy, _arg1):
 import pandas as pd
 import pandas as pd
 
 
 def get_output_schema():
     return pd.DataFrame({
         'Employee_ID':                    prep_string(),
         'Employee_Name':                  prep_string(),
         'Department':                     prep_string(),
         'Age':                            prep_int(),
         'Salary':                         prep_int(),
         'Hire_Date':                      prep_string(),
         'City':                           prep_string(),
         'Average_Salary_All_Employees':   prep_decimal(),
         'Oldest_Employee_Name':           prep_string(),
         'Oldest_Employee_Department':     prep_string()
     })
 
 
 def filter_and_enrich(df):
     # Step 1: Compute metrics across ALL employees BEFORE filtering
     avg_salary = df['Salary'].mean()
     oldest_row = df.loc[df['Age'].idxmax()]
     oldest_name = oldest_row['Employee_Name']
     oldest_dept = oldest_row['Department']
 
     # Step 2: Add new columns
     df['Average_Salary_All_Employees'] = avg_salary
     df['Oldest_Employee_Name'] = oldest_name
     df['Oldest_Employee_Department'] = oldest_dept
 
     # Step 3: Filter to IT department only
     it_df = df[df['Department'] == 'IT'].copy()
 
     # Step 4: Force column order explicitly
     it_df = it_df[['Employee_ID', 'Employee_Name', 'Department', 'Age', 'Salary',
                    'Hire_Date', 'City',
                    'Average_Salary_All_Employees',
                    'Oldest_Employee_Name',
                    'Oldest_Employee_Department']]
 
     return it_df
 
 
 # Run it (for testing outside Tableau Prep)
 if __name__ == '__main__':
     df = pd.read_csv('employee_tableau_prep_python_sample.csv')
     result = filter_and_enrich(df)
 
     print("=== IT Department Employees ===")
     print(result[['Employee_Name', 'Department', 'Age', 'Salary',
                   'Average_Salary_All_Employees',
                   'Oldest_Employee_Name',
                   'Oldest_Employee_Department']].to_string(index=False))
 execution_result = filter_and_enrich(pd.DataFrame(_arg1))
 return execution_result.to_dict(orient='list') if isinstance(execution_result, pd.DataFrame) else execution_result

2026-05-07,03:25:03 [INFO] (web.py:web:2439): 200 POST /evaluate (127.0.0.1) 11.22ms
2026-05-07,03:25:08 [DEBUG] (base_handler.py:base_handler:115): Checking if need to handle authentication
2026-05-07,03:25:08 [DEBUG] (base_handler.py:base_handler:115): Handling authentication
2026-05-07,03:25:08 [INFO] (base_handler.py:base_handler:115): Authentication is not a required feature for API "v1"
2026-05-07,03:25:08 [DEBUG] (base_handler.py:base_handler:115): Checking request headers for authentication data
2026-05-07,03:25:08 [INFO] (base_handler.py:base_handler:115): Authorization header not found
2026-05-07,03:25:08 [DEBUG] (base_handler.py:base_handler:115): authentication not required, username and password are none
2026-05-07,03:25:08 [DEBUG] (state.py:state:526): Collecting Access-Control-Allow-Origin from state file ...
2026-05-07,03:25:08 [DEBUG] (state.py:state:628): Loading option 'Access-Control-Allow-Origin' from section [Service Info]...
2026-05-07,03:25:08 [DEBUG] (state.py:state:650): Returning value ''
2026-05-07,03:25:08 [DEBUG] (state.py:state:628): Loading option 'Access-Control-Allow-Headers' from section [Service Info]...
2026-05-07,03:25:08 [DEBUG] (state.py:state:650): Returning value ''
2026-05-07,03:25:08 [DEBUG] (state.py:state:628): Loading option 'Access-Control-Allow-Methods' from section [Service Info]...
2026-05-07,03:25:08 [DEBUG] (state.py:state:650): Returning value ''
2026-05-07,03:25:08 [DEBUG] (base_handler.py:base_handler:115): Processing POST request...
2026-05-07,03:25:08 [INFO] (base_handler.py:base_handler:115): function to evaluate=def _user_script(tabpy, _arg1):
 import pandas as pd
 def get_output_schema():
 	return '1796cf30-73d1-41cc-9fbc-2644d426d2e4'
 def prep_string():
 	return ['prep_string_type']
 def prep_bool():
 	return ['prep_bool_type']
 def prep_int():
 	return ['prep_int_type']
 def prep_decimal():
     return ['prep_decimal_type']
 def prep_date():
 	return ['prep_date_type']
 def prep_datetime():
 	return ['prep_datetime_type']
 import pandas as pd
 
 
 def get_output_schema():
     return pd.DataFrame({
         'Employee_ID':                    prep_string(),
         'Employee_Name':                  prep_string(),
         'Department':                     prep_string(),
         'Age':                            prep_int(),
         'Salary':                         prep_int(),
         'Hire_Date':                      prep_string(),
         'City':                           prep_string(),
         'Average_Salary_All_Employees':   prep_decimal(),
         'Oldest_Employee_Name':           prep_string(),
         'Oldest_Employee_Department':     prep_string()
     })
 
 
 def filter_and_enrich(df):
     # Step 1: Compute metrics across ALL employees BEFORE filtering
     avg_salary = df['Salary'].mean()
     oldest_row = df.loc[df['Age'].idxmax()]
     oldest_name = oldest_row['Employee_Name']
     oldest_dept = oldest_row['Department']
 
     # Step 2: Add new columns
     df['Average_Salary_All_Employees'] = avg_salary
     df['Oldest_Employee_Name'] = oldest_name
     df['Oldest_Employee_Department'] = oldest_dept
 
     # Step 3: Filter to IT department only
     it_df = df[df['Department'] == 'IT'].copy()
 
     # Step 4: Force column order explicitly
     it_df = it_df[['Employee_ID', 'Employee_Name', 'Department', 'Age', 'Salary',
                    'Hire_Date', 'City',
                    'Average_Salary_All_Employees',
                    'Oldest_Employee_Name',
                    'Oldest_Employee_Department']]
 
     return it_df
 
 
 # Run it (for testing outside Tableau Prep)
 if __name__ == '__main__':
     df = pd.read_csv('employee_tableau_prep_python_sample.csv')
     result = filter_and_enrich(df)
 
     print("=== IT Department Employees ===")
     print(result[['Employee_Name', 'Department', 'Age', 'Salary',
                   'Average_Salary_All_Employees',
                   'Oldest_Employee_Name',
                   'Oldest_Employee_Department']].to_string(index=False))
 def get_output_schema_fc34f62f76864578add26da1f624ca2a(df = pd.DataFrame()):
     import inspect
     if len(inspect.getfullargspec(get_output_schema).args) == 0:
         return get_output_schema()
     else:
         return get_output_schema(df)
 result_schema_output = get_output_schema_fc34f62f76864578add26da1f624ca2a(pd.DataFrame(_arg1))
 return result_schema_output.to_dict(orient='split') if isinstance(result_schema_output, pd.DataFrame) else result_schema_output

2026-05-07,03:25:08 [INFO] (web.py:web:2439): 200 POST /evaluate (127.0.0.1) 4.37ms
2026-05-07,03:25:08 [DEBUG] (base_handler.py:base_handler:115): Checking if need to handle authentication
2026-05-07,03:25:08 [DEBUG] (base_handler.py:base_handler:115): Handling authentication
2026-05-07,03:25:08 [INFO] (base_handler.py:base_handler:115): Authentication is not a required feature for API "v1"
2026-05-07,03:25:08 [DEBUG] (base_handler.py:base_handler:115): Checking request headers for authentication data
2026-05-07,03:25:08 [INFO] (base_handler.py:base_handler:115): Authorization header not found
2026-05-07,03:25:08 [DEBUG] (base_handler.py:base_handler:115): authentication not required, username and password are none
2026-05-07,03:25:08 [DEBUG] (state.py:state:526): Collecting Access-Control-Allow-Origin from state file ...
2026-05-07,03:25:08 [DEBUG] (state.py:state:628): Loading option 'Access-Control-Allow-Origin' from section [Service Info]...
2026-05-07,03:25:08 [DEBUG] (state.py:state:650): Returning value ''
2026-05-07,03:25:08 [DEBUG] (state.py:state:628): Loading option 'Access-Control-Allow-Headers' from section [Service Info]...
2026-05-07,03:25:08 [DEBUG] (state.py:state:650): Returning value ''
2026-05-07,03:25:08 [DEBUG] (state.py:state:628): Loading option 'Access-Control-Allow-Methods' from section [Service Info]...
2026-05-07,03:25:08 [DEBUG] (state.py:state:650): Returning value ''
2026-05-07,03:25:08 [DEBUG] (base_handler.py:base_handler:115): Processing POST request...
2026-05-07,03:25:08 [INFO] (base_handler.py:base_handler:115): function to evaluate=def _user_script(tabpy, _arg1):
 import pandas as pd
 def get_output_schema():
 	return '1796cf30-73d1-41cc-9fbc-2644d426d2e4'
 def prep_string():
 	return ['prep_string_type']
 def prep_bool():
 	return ['prep_bool_type']
 def prep_int():
 	return ['prep_int_type']
 def prep_decimal():
     return ['prep_decimal_type']
 def prep_date():
 	return ['prep_date_type']
 def prep_datetime():
 	return ['prep_datetime_type']
 import pandas as pd
 
 
 def get_output_schema():
     return pd.DataFrame({
         'Employee_ID':                    prep_string(),
         'Employee_Name':                  prep_string(),
         'Department':                     prep_string(),
         'Age':                            prep_int(),
         'Salary':                         prep_int(),
         'Hire_Date':                      prep_string(),
         'City':                           prep_string(),
         'Average_Salary_All_Employees':   prep_decimal(),
         'Oldest_Employee_Name':           prep_string(),
         'Oldest_Employee_Department':     prep_string()
     })
 
 
 def filter_and_enrich(df):
     # Step 1: Compute metrics across ALL employees BEFORE filtering
     avg_salary = df['Salary'].mean()
     oldest_row = df.loc[df['Age'].idxmax()]
     oldest_name = oldest_row['Employee_Name']
     oldest_dept = oldest_row['Department']
 
     # Step 2: Add new columns
     df['Average_Salary_All_Employees'] = avg_salary
     df['Oldest_Employee_Name'] = oldest_name
     df['Oldest_Employee_Department'] = oldest_dept
 
     # Step 3: Filter to IT department only
     it_df = df[df['Department'] == 'IT'].copy()
 
     # Step 4: Force column order explicitly
     it_df = it_df[['Employee_ID', 'Employee_Name', 'Department', 'Age', 'Salary',
                    'Hire_Date', 'City',
                    'Average_Salary_All_Employees',
                    'Oldest_Employee_Name',
                    'Oldest_Employee_Department']]
 
     return it_df
 
 
 # Run it (for testing outside Tableau Prep)
 if __name__ == '__main__':
     df = pd.read_csv('employee_tableau_prep_python_sample.csv')
     result = filter_and_enrich(df)
 
     print("=== IT Department Employees ===")
     print(result[['Employee_Name', 'Department', 'Age', 'Salary',
                   'Average_Salary_All_Employees',
                   'Oldest_Employee_Name',
                   'Oldest_Employee_Department']].to_string(index=False))
 def get_output_schema_fc34f62f76864578add26da1f624ca2a(df = pd.DataFrame()):
     import inspect
     if len(inspect.getfullargspec(get_output_schema).args) == 0:
         return get_output_schema()
     else:
         return get_output_schema(df)
 result_schema_output = get_output_schema_fc34f62f76864578add26da1f624ca2a(pd.DataFrame(_arg1))
 return result_schema_output.to_dict(orient='split') if isinstance(result_schema_output, pd.DataFrame) else result_schema_output

2026-05-07,03:25:08 [INFO] (web.py:web:2439): 200 POST /evaluate (127.0.0.1) 4.18ms
2026-05-07,03:25:09 [DEBUG] (base_handler.py:base_handler:115): Checking if need to handle authentication
2026-05-07,03:25:09 [DEBUG] (base_handler.py:base_handler:115): Handling authentication
2026-05-07,03:25:09 [INFO] (base_handler.py:base_handler:115): Authentication is not a required feature for API "v1"
2026-05-07,03:25:09 [DEBUG] (base_handler.py:base_handler:115): Checking request headers for authentication data
2026-05-07,03:25:09 [INFO] (base_handler.py:base_handler:115): Authorization header not found
2026-05-07,03:25:09 [DEBUG] (base_handler.py:base_handler:115): authentication not required, username and password are none
2026-05-07,03:25:09 [DEBUG] (state.py:state:526): Collecting Access-Control-Allow-Origin from state file ...
2026-05-07,03:25:09 [DEBUG] (state.py:state:628): Loading option 'Access-Control-Allow-Origin' from section [Service Info]...
2026-05-07,03:25:09 [DEBUG] (state.py:state:650): Returning value ''
2026-05-07,03:25:09 [DEBUG] (state.py:state:628): Loading option 'Access-Control-Allow-Headers' from section [Service Info]...
2026-05-07,03:25:09 [DEBUG] (state.py:state:650): Returning value ''
2026-05-07,03:25:09 [DEBUG] (state.py:state:628): Loading option 'Access-Control-Allow-Methods' from section [Service Info]...
2026-05-07,03:25:09 [DEBUG] (state.py:state:650): Returning value ''
2026-05-07,03:25:09 [DEBUG] (base_handler.py:base_handler:115): Processing POST request...
2026-05-07,03:25:09 [INFO] (base_handler.py:base_handler:115): function to evaluate=def _user_script(tabpy, _arg1):
 import pandas as pd
 def get_output_schema():
 	return '1796cf30-73d1-41cc-9fbc-2644d426d2e4'
 def prep_string():
 	return ['prep_string_type']
 def prep_bool():
 	return ['prep_bool_type']
 def prep_int():
 	return ['prep_int_type']
 def prep_decimal():
     return ['prep_decimal_type']
 def prep_date():
 	return ['prep_date_type']
 def prep_datetime():
 	return ['prep_datetime_type']
 import pandas as pd
 
 
 def get_output_schema():
     return pd.DataFrame({
         'Employee_ID':                    prep_string(),
         'Employee_Name':                  prep_string(),
         'Department':                     prep_string(),
         'Age':                            prep_int(),
         'Salary':                         prep_int(),
         'Hire_Date':                      prep_string(),
         'City':                           prep_string(),
         'Average_Salary_All_Employees':   prep_decimal(),
         'Oldest_Employee_Name':           prep_string(),
         'Oldest_Employee_Department':     prep_string()
     })
 
 
 def filter_and_enrich(df):
     # Step 1: Compute metrics across ALL employees BEFORE filtering
     avg_salary = df['Salary'].mean()
     oldest_row = df.loc[df['Age'].idxmax()]
     oldest_name = oldest_row['Employee_Name']
     oldest_dept = oldest_row['Department']
 
     # Step 2: Add new columns
     df['Average_Salary_All_Employees'] = avg_salary
     df['Oldest_Employee_Name'] = oldest_name
     df['Oldest_Employee_Department'] = oldest_dept
 
     # Step 3: Filter to IT department only
     it_df = df[df['Department'] == 'IT'].copy()
 
     # Step 4: Force column order explicitly
     it_df = it_df[['Employee_ID', 'Employee_Name', 'Department', 'Age', 'Salary',
                    'Hire_Date', 'City',
                    'Average_Salary_All_Employees',
                    'Oldest_Employee_Name',
                    'Oldest_Employee_Department']]
 
     return it_df
 
 
 # Run it (for testing outside Tableau Prep)
 if __name__ == '__main__':
     df = pd.read_csv('employee_tableau_prep_python_sample.csv')
     result = filter_and_enrich(df)
 
     print("=== IT Department Employees ===")
     print(result[['Employee_Name', 'Department', 'Age', 'Salary',
                   'Average_Salary_All_Employees',
                   'Oldest_Employee_Name',
                   'Oldest_Employee_Department']].to_string(index=False))
 def get_output_schema_fc34f62f76864578add26da1f624ca2a(df = pd.DataFrame()):
     import inspect
     if len(inspect.getfullargspec(get_output_schema).args) == 0:
         return get_output_schema()
     else:
         return get_output_schema(df)
 result_schema_output = get_output_schema_fc34f62f76864578add26da1f624ca2a(pd.DataFrame(_arg1))
 return result_schema_output.to_dict(orient='split') if isinstance(result_schema_output, pd.DataFrame) else result_schema_output

2026-05-07,03:25:09 [INFO] (web.py:web:2439): 200 POST /evaluate (127.0.0.1) 4.86ms
2026-05-07,03:25:09 [DEBUG] (base_handler.py:base_handler:115): Checking if need to handle authentication
2026-05-07,03:25:09 [DEBUG] (base_handler.py:base_handler:115): Handling authentication
2026-05-07,03:25:09 [INFO] (base_handler.py:base_handler:115): Authentication is not a required feature for API "v1"
2026-05-07,03:25:09 [DEBUG] (base_handler.py:base_handler:115): Checking request headers for authentication data
2026-05-07,03:25:09 [INFO] (base_handler.py:base_handler:115): Authorization header not found
2026-05-07,03:25:09 [DEBUG] (base_handler.py:base_handler:115): authentication not required, username and password are none
2026-05-07,03:25:09 [DEBUG] (state.py:state:526): Collecting Access-Control-Allow-Origin from state file ...
2026-05-07,03:25:09 [DEBUG] (state.py:state:628): Loading option 'Access-Control-Allow-Origin' from section [Service Info]...
2026-05-07,03:25:09 [DEBUG] (state.py:state:650): Returning value ''
2026-05-07,03:25:09 [DEBUG] (state.py:state:628): Loading option 'Access-Control-Allow-Headers' from section [Service Info]...
2026-05-07,03:25:09 [DEBUG] (state.py:state:650): Returning value ''
2026-05-07,03:25:09 [DEBUG] (state.py:state:628): Loading option 'Access-Control-Allow-Methods' from section [Service Info]...
2026-05-07,03:25:09 [DEBUG] (state.py:state:650): Returning value ''
2026-05-07,03:25:09 [DEBUG] (base_handler.py:base_handler:115): Processing POST request...
2026-05-07,03:25:09 [INFO] (base_handler.py:base_handler:115): function to evaluate=def _user_script(tabpy, _arg1):
 import pandas as pd
 def get_output_schema():
 	return '1796cf30-73d1-41cc-9fbc-2644d426d2e4'
 def prep_string():
 	return ['prep_string_type']
 def prep_bool():
 	return ['prep_bool_type']
 def prep_int():
 	return ['prep_int_type']
 def prep_decimal():
     return ['prep_decimal_type']
 def prep_date():
 	return ['prep_date_type']
 def prep_datetime():
 	return ['prep_datetime_type']
 import pandas as pd
 
 
 def get_output_schema():
     return pd.DataFrame({
         'Employee_ID':                    prep_string(),
         'Employee_Name':                  prep_string(),
         'Department':                     prep_string(),
         'Age':                            prep_int(),
         'Salary':                         prep_int(),
         'Hire_Date':                      prep_string(),
         'City':                           prep_string(),
         'Average_Salary_All_Employees':   prep_decimal(),
         'Oldest_Employee_Name':           prep_string(),
         'Oldest_Employee_Department':     prep_string()
     })
 
 
 def filter_and_enrich(df):
     # Step 1: Compute metrics across ALL employees BEFORE filtering
     avg_salary = df['Salary'].mean()
     oldest_row = df.loc[df['Age'].idxmax()]
     oldest_name = oldest_row['Employee_Name']
     oldest_dept = oldest_row['Department']
 
     # Step 2: Add new columns
     df['Average_Salary_All_Employees'] = avg_salary
     df['Oldest_Employee_Name'] = oldest_name
     df['Oldest_Employee_Department'] = oldest_dept
 
     # Step 3: Filter to IT department only
     it_df = df[df['Department'] == 'IT'].copy()
 
     # Step 4: Force column order explicitly
     it_df = it_df[['Employee_ID', 'Employee_Name', 'Department', 'Age', 'Salary',
                    'Hire_Date', 'City',
                    'Average_Salary_All_Employees',
                    'Oldest_Employee_Name',
                    'Oldest_Employee_Department']]
 
     return it_df
 
 
 # Run it (for testing outside Tableau Prep)
 if __name__ == '__main__':
     df = pd.read_csv('employee_tableau_prep_python_sample.csv')
     result = filter_and_enrich(df)
 
     print("=== IT Department Employees ===")
     print(result[['Employee_Name', 'Department', 'Age', 'Salary',
                   'Average_Salary_All_Employees',
                   'Oldest_Employee_Name',
                   'Oldest_Employee_Department']].to_string(index=False))
 def get_output_schema_fc34f62f76864578add26da1f624ca2a(df = pd.DataFrame()):
     import inspect
     if len(inspect.getfullargspec(get_output_schema).args) == 0:
         return get_output_schema()
     else:
         return get_output_schema(df)
 result_schema_output = get_output_schema_fc34f62f76864578add26da1f624ca2a(pd.DataFrame(_arg1))
 return result_schema_output.to_dict(orient='split') if isinstance(result_schema_output, pd.DataFrame) else result_schema_output

2026-05-07,03:25:09 [INFO] (web.py:web:2439): 200 POST /evaluate (127.0.0.1) 5.10ms
2026-05-07,03:25:11 [DEBUG] (base_handler.py:base_handler:115): Checking if need to handle authentication
2026-05-07,03:25:11 [DEBUG] (base_handler.py:base_handler:115): Handling authentication
2026-05-07,03:25:11 [INFO] (base_handler.py:base_handler:115): Authentication is not a required feature for API "v1"
2026-05-07,03:25:11 [DEBUG] (base_handler.py:base_handler:115): Checking request headers for authentication data
2026-05-07,03:25:11 [INFO] (base_handler.py:base_handler:115): Authorization header not found
2026-05-07,03:25:11 [DEBUG] (base_handler.py:base_handler:115): authentication not required, username and password are none
2026-05-07,03:25:11 [DEBUG] (state.py:state:526): Collecting Access-Control-Allow-Origin from state file ...
2026-05-07,03:25:11 [DEBUG] (state.py:state:628): Loading option 'Access-Control-Allow-Origin' from section [Service Info]...
2026-05-07,03:25:11 [DEBUG] (state.py:state:650): Returning value ''
2026-05-07,03:25:11 [DEBUG] (state.py:state:628): Loading option 'Access-Control-Allow-Headers' from section [Service Info]...
2026-05-07,03:25:11 [DEBUG] (state.py:state:650): Returning value ''
2026-05-07,03:25:11 [DEBUG] (state.py:state:628): Loading option 'Access-Control-Allow-Methods' from section [Service Info]...
2026-05-07,03:25:11 [DEBUG] (state.py:state:650): Returning value ''
2026-05-07,03:25:11 [DEBUG] (base_handler.py:base_handler:115): Processing POST request...
2026-05-07,03:25:11 [INFO] (base_handler.py:base_handler:115): function to evaluate=def _user_script(tabpy, _arg1):
 import pandas as pd
 def get_output_schema():
 	return '1796cf30-73d1-41cc-9fbc-2644d426d2e4'
 def prep_string():
 	return ['prep_string_type']
 def prep_bool():
 	return ['prep_bool_type']
 def prep_int():
 	return ['prep_int_type']
 def prep_decimal():
     return ['prep_decimal_type']
 def prep_date():
 	return ['prep_date_type']
 def prep_datetime():
 	return ['prep_datetime_type']
 import pandas as pd
 
 
 def get_output_schema():
     return pd.DataFrame({
         'Employee_ID':                    prep_string(),
         'Employee_Name':                  prep_string(),
         'Department':                     prep_string(),
         'Age':                            prep_int(),
         'Salary':                         prep_int(),
         'Hire_Date':                      prep_string(),
         'City':                           prep_string(),
         'Average_Salary_All_Employees':   prep_decimal(),
         'Oldest_Employee_Name':           prep_string(),
         'Oldest_Employee_Department':     prep_string()
     })
 
 
 def filter_and_enrich(df):
     # Step 1: Compute metrics across ALL employees BEFORE filtering
     avg_salary = df['Salary'].mean()
     oldest_row = df.loc[df['Age'].idxmax()]
     oldest_name = oldest_row['Employee_Name']
     oldest_dept = oldest_row['Department']
 
     # Step 2: Add new columns
     df['Average_Salary_All_Employees'] = avg_salary
     df['Oldest_Employee_Name'] = oldest_name
     df['Oldest_Employee_Department'] = oldest_dept
 
     # Step 3: Filter to IT department only
     it_df = df[df['Department'] == 'IT'].copy()
 
     # Step 4: Force column order explicitly
     it_df = it_df[['Employee_ID', 'Employee_Name', 'Department', 'Age', 'Salary',
                    'Hire_Date', 'City',
                    'Average_Salary_All_Employees',
                    'Oldest_Employee_Name',
                    'Oldest_Employee_Department']]
 
     return it_df
 
 
 # Run it (for testing outside Tableau Prep)
 if __name__ == '__main__':
     df = pd.read_csv('employee_tableau_prep_python_sample.csv')
     result = filter_and_enrich(df)
 
     print("=== IT Department Employees ===")
     print(result[['Employee_Name', 'Department', 'Age', 'Salary',
                   'Average_Salary_All_Employees',
                   'Oldest_Employee_Name',
                   'Oldest_Employee_Department']].to_string(index=False))
 def get_output_schema_fc34f62f76864578add26da1f624ca2a(df = pd.DataFrame()):
     import inspect
     if len(inspect.getfullargspec(get_output_schema).args) == 0:
         return get_output_schema()
     else:
         return get_output_schema(df)
 result_schema_output = get_output_schema_fc34f62f76864578add26da1f624ca2a(pd.DataFrame(_arg1))
 return result_schema_output.to_dict(orient='split') if isinstance(result_schema_output, pd.DataFrame) else result_schema_output

2026-05-07,03:25:11 [INFO] (web.py:web:2439): 200 POST /evaluate (127.0.0.1) 3.94ms
2026-05-07,03:25:11 [DEBUG] (base_handler.py:base_handler:115): Checking if need to handle authentication
2026-05-07,03:25:11 [DEBUG] (base_handler.py:base_handler:115): Handling authentication
2026-05-07,03:25:11 [INFO] (base_handler.py:base_handler:115): Authentication is not a required feature for API "v1"
2026-05-07,03:25:11 [DEBUG] (base_handler.py:base_handler:115): Checking request headers for authentication data
2026-05-07,03:25:11 [INFO] (base_handler.py:base_handler:115): Authorization header not found
2026-05-07,03:25:11 [DEBUG] (base_handler.py:base_handler:115): authentication not required, username and password are none
2026-05-07,03:25:11 [DEBUG] (state.py:state:526): Collecting Access-Control-Allow-Origin from state file ...
2026-05-07,03:25:11 [DEBUG] (state.py:state:628): Loading option 'Access-Control-Allow-Origin' from section [Service Info]...
2026-05-07,03:25:11 [DEBUG] (state.py:state:650): Returning value ''
2026-05-07,03:25:11 [DEBUG] (state.py:state:628): Loading option 'Access-Control-Allow-Headers' from section [Service Info]...
2026-05-07,03:25:11 [DEBUG] (state.py:state:650): Returning value ''
2026-05-07,03:25:11 [DEBUG] (state.py:state:628): Loading option 'Access-Control-Allow-Methods' from section [Service Info]...
2026-05-07,03:25:11 [DEBUG] (state.py:state:650): Returning value ''
2026-05-07,03:25:11 [DEBUG] (base_handler.py:base_handler:115): Processing POST request...
2026-05-07,03:25:11 [INFO] (base_handler.py:base_handler:115): function to evaluate=def _user_script(tabpy, _arg1):
 import pandas as pd
 def get_output_schema():
 	return '1796cf30-73d1-41cc-9fbc-2644d426d2e4'
 def prep_string():
 	return ['prep_string_type']
 def prep_bool():
 	return ['prep_bool_type']
 def prep_int():
 	return ['prep_int_type']
 def prep_decimal():
     return ['prep_decimal_type']
 def prep_date():
 	return ['prep_date_type']
 def prep_datetime():
 	return ['prep_datetime_type']
 import pandas as pd
 
 
 def get_output_schema():
     return pd.DataFrame({
         'Employee_ID':                    prep_string(),
         'Employee_Name':                  prep_string(),
         'Department':                     prep_string(),
         'Age':                            prep_int(),
         'Salary':                         prep_int(),
         'Hire_Date':                      prep_string(),
         'City':                           prep_string(),
         'Average_Salary_All_Employees':   prep_decimal(),
         'Oldest_Employee_Name':           prep_string(),
         'Oldest_Employee_Department':     prep_string()
     })
 
 
 def filter_and_enrich(df):
     # Step 1: Compute metrics across ALL employees BEFORE filtering
     avg_salary = df['Salary'].mean()
     oldest_row = df.loc[df['Age'].idxmax()]
     oldest_name = oldest_row['Employee_Name']
     oldest_dept = oldest_row['Department']
 
     # Step 2: Add new columns
     df['Average_Salary_All_Employees'] = avg_salary
     df['Oldest_Employee_Name'] = oldest_name
     df['Oldest_Employee_Department'] = oldest_dept
 
     # Step 3: Filter to IT department only
     it_df = df[df['Department'] == 'IT'].copy()
 
     # Step 4: Force column order explicitly
     it_df = it_df[['Employee_ID', 'Employee_Name', 'Department', 'Age', 'Salary',
                    'Hire_Date', 'City',
                    'Average_Salary_All_Employees',
                    'Oldest_Employee_Name',
                    'Oldest_Employee_Department']]
 
     return it_df
 
 
 # Run it (for testing outside Tableau Prep)
 if __name__ == '__main__':
     df = pd.read_csv('employee_tableau_prep_python_sample.csv')
     result = filter_and_enrich(df)
 
     print("=== IT Department Employees ===")
     print(result[['Employee_Name', 'Department', 'Age', 'Salary',
                   'Average_Salary_All_Employees',
                   'Oldest_Employee_Name',
                   'Oldest_Employee_Department']].to_string(index=False))
 def get_output_schema_fc34f62f76864578add26da1f624ca2a(df = pd.DataFrame()):
     import inspect
     if len(inspect.getfullargspec(get_output_schema).args) == 0:
         return get_output_schema()
     else:
         return get_output_schema(df)
 result_schema_output = get_output_schema_fc34f62f76864578add26da1f624ca2a(pd.DataFrame(_arg1))
 return result_schema_output.to_dict(orient='split') if isinstance(result_schema_output, pd.DataFrame) else result_schema_output

2026-05-07,03:25:11 [INFO] (web.py:web:2439): 200 POST /evaluate (127.0.0.1) 4.34ms
2026-05-07,03:25:13 [DEBUG] (base_handler.py:base_handler:115): Checking if need to handle authentication
2026-05-07,03:25:13 [DEBUG] (base_handler.py:base_handler:115): Handling authentication
2026-05-07,03:25:13 [INFO] (base_handler.py:base_handler:115): Authentication is not a required feature for API "v1"
2026-05-07,03:25:13 [DEBUG] (base_handler.py:base_handler:115): Checking request headers for authentication data
2026-05-07,03:25:13 [INFO] (base_handler.py:base_handler:115): Authorization header not found
2026-05-07,03:25:13 [DEBUG] (base_handler.py:base_handler:115): authentication not required, username and password are none
2026-05-07,03:25:13 [DEBUG] (state.py:state:526): Collecting Access-Control-Allow-Origin from state file ...
2026-05-07,03:25:13 [DEBUG] (state.py:state:628): Loading option 'Access-Control-Allow-Origin' from section [Service Info]...
2026-05-07,03:25:13 [DEBUG] (state.py:state:650): Returning value ''
2026-05-07,03:25:13 [DEBUG] (state.py:state:628): Loading option 'Access-Control-Allow-Headers' from section [Service Info]...
2026-05-07,03:25:13 [DEBUG] (state.py:state:650): Returning value ''
2026-05-07,03:25:13 [DEBUG] (state.py:state:628): Loading option 'Access-Control-Allow-Methods' from section [Service Info]...
2026-05-07,03:25:13 [DEBUG] (state.py:state:650): Returning value ''
2026-05-07,03:25:13 [DEBUG] (base_handler.py:base_handler:115): Processing POST request...
2026-05-07,03:25:13 [INFO] (base_handler.py:base_handler:115): function to evaluate=def _user_script(tabpy, _arg1):
 import pandas as pd
 def get_output_schema():
 	return '1796cf30-73d1-41cc-9fbc-2644d426d2e4'
 def prep_string():
 	return ['prep_string_type']
 def prep_bool():
 	return ['prep_bool_type']
 def prep_int():
 	return ['prep_int_type']
 def prep_decimal():
     return ['prep_decimal_type']
 def prep_date():
 	return ['prep_date_type']
 def prep_datetime():
 	return ['prep_datetime_type']
 import pandas as pd
 
 
 def get_output_schema():
     return pd.DataFrame({
         'Employee_ID':                    prep_string(),
         'Employee_Name':                  prep_string(),
         'Department':                     prep_string(),
         'Age':                            prep_int(),
         'Salary':                         prep_int(),
         'Hire_Date':                      prep_string(),
         'City':                           prep_string(),
         'Average_Salary_All_Employees':   prep_decimal(),
         'Oldest_Employee_Name':           prep_string(),
         'Oldest_Employee_Department':     prep_string()
     })
 
 
 def filter_and_enrich(df):
     # Step 1: Compute metrics across ALL employees BEFORE filtering
     avg_salary = df['Salary'].mean()
     oldest_row = df.loc[df['Age'].idxmax()]
     oldest_name = oldest_row['Employee_Name']
     oldest_dept = oldest_row['Department']
 
     # Step 2: Add new columns
     df['Average_Salary_All_Employees'] = avg_salary
     df['Oldest_Employee_Name'] = oldest_name
     df['Oldest_Employee_Department'] = oldest_dept
 
     # Step 3: Filter to IT department only
     it_df = df[df['Department'] == 'IT'].copy()
 
     # Step 4: Force column order explicitly
     it_df = it_df[['Employee_ID', 'Employee_Name', 'Department', 'Age', 'Salary',
                    'Hire_Date', 'City',
                    'Average_Salary_All_Employees',
                    'Oldest_Employee_Name',
                    'Oldest_Employee_Department']]
 
     return it_df
 
 
 # Run it (for testing outside Tableau Prep)
 if __name__ == '__main__':
     df = pd.read_csv('employee_tableau_prep_python_sample.csv')
     result = filter_and_enrich(df)
 
     print("=== IT Department Employees ===")
     print(result[['Employee_Name', 'Department', 'Age', 'Salary',
                   'Average_Salary_All_Employees',
                   'Oldest_Employee_Name',
                   'Oldest_Employee_Department']].to_string(index=False))
 def get_output_schema_fc34f62f76864578add26da1f624ca2a(df = pd.DataFrame()):
     import inspect
     if len(inspect.getfullargspec(get_output_schema).args) == 0:
         return get_output_schema()
     else:
         return get_output_schema(df)
 result_schema_output = get_output_schema_fc34f62f76864578add26da1f624ca2a(pd.DataFrame(_arg1))
 return result_schema_output.to_dict(orient='split') if isinstance(result_schema_output, pd.DataFrame) else result_schema_output

2026-05-07,03:25:13 [INFO] (web.py:web:2439): 200 POST /evaluate (127.0.0.1) 4.15ms
2026-05-07,03:25:13 [DEBUG] (base_handler.py:base_handler:115): Checking if need to handle authentication
2026-05-07,03:25:13 [DEBUG] (base_handler.py:base_handler:115): Handling authentication
2026-05-07,03:25:13 [INFO] (base_handler.py:base_handler:115): Authentication is not a required feature for API "v1"
2026-05-07,03:25:13 [DEBUG] (base_handler.py:base_handler:115): Checking request headers for authentication data
2026-05-07,03:25:13 [INFO] (base_handler.py:base_handler:115): Authorization header not found
2026-05-07,03:25:13 [DEBUG] (base_handler.py:base_handler:115): authentication not required, username and password are none
2026-05-07,03:25:13 [DEBUG] (state.py:state:526): Collecting Access-Control-Allow-Origin from state file ...
2026-05-07,03:25:13 [DEBUG] (state.py:state:628): Loading option 'Access-Control-Allow-Origin' from section [Service Info]...
2026-05-07,03:25:13 [DEBUG] (state.py:state:650): Returning value ''
2026-05-07,03:25:13 [DEBUG] (state.py:state:628): Loading option 'Access-Control-Allow-Headers' from section [Service Info]...
2026-05-07,03:25:13 [DEBUG] (state.py:state:650): Returning value ''
2026-05-07,03:25:13 [DEBUG] (state.py:state:628): Loading option 'Access-Control-Allow-Methods' from section [Service Info]...
2026-05-07,03:25:13 [DEBUG] (state.py:state:650): Returning value ''
2026-05-07,03:25:13 [DEBUG] (base_handler.py:base_handler:115): Processing POST request...
2026-05-07,03:25:13 [INFO] (base_handler.py:base_handler:115): function to evaluate=def _user_script(tabpy, _arg1):
 import pandas as pd
 def get_output_schema():
 	return '1796cf30-73d1-41cc-9fbc-2644d426d2e4'
 def prep_string():
 	return ['prep_string_type']
 def prep_bool():
 	return ['prep_bool_type']
 def prep_int():
 	return ['prep_int_type']
 def prep_decimal():
     return ['prep_decimal_type']
 def prep_date():
 	return ['prep_date_type']
 def prep_datetime():
 	return ['prep_datetime_type']
 import pandas as pd
 
 
 def get_output_schema():
     return pd.DataFrame({
         'Employee_ID':                    prep_string(),
         'Employee_Name':                  prep_string(),
         'Department':                     prep_string(),
         'Age':                            prep_int(),
         'Salary':                         prep_int(),
         'Hire_Date':                      prep_string(),
         'City':                           prep_string(),
         'Average_Salary_All_Employees':   prep_decimal(),
         'Oldest_Employee_Name':           prep_string(),
         'Oldest_Employee_Department':     prep_string()
     })
 
 
 def filter_and_enrich(df):
     # Step 1: Compute metrics across ALL employees BEFORE filtering
     avg_salary = df['Salary'].mean()
     oldest_row = df.loc[df['Age'].idxmax()]
     oldest_name = oldest_row['Employee_Name']
     oldest_dept = oldest_row['Department']
 
     # Step 2: Add new columns
     df['Average_Salary_All_Employees'] = avg_salary
     df['Oldest_Employee_Name'] = oldest_name
     df['Oldest_Employee_Department'] = oldest_dept
 
     # Step 3: Filter to IT department only
     it_df = df[df['Department'] == 'IT'].copy()
 
     # Step 4: Force column order explicitly
     it_df = it_df[['Employee_ID', 'Employee_Name', 'Department', 'Age', 'Salary',
                    'Hire_Date', 'City',
                    'Average_Salary_All_Employees',
                    'Oldest_Employee_Name',
                    'Oldest_Employee_Department']]
 
     return it_df
 
 
 # Run it (for testing outside Tableau Prep)
 if __name__ == '__main__':
     df = pd.read_csv('employee_tableau_prep_python_sample.csv')
     result = filter_and_enrich(df)
 
     print("=== IT Department Employees ===")
     print(result[['Employee_Name', 'Department', 'Age', 'Salary',
                   'Average_Salary_All_Employees',
                   'Oldest_Employee_Name',
                   'Oldest_Employee_Department']].to_string(index=False))
 def get_output_schema_fc34f62f76864578add26da1f624ca2a(df = pd.DataFrame()):
     import inspect
     if len(inspect.getfullargspec(get_output_schema).args) == 0:
         return get_output_schema()
     else:
         return get_output_schema(df)
 result_schema_output = get_output_schema_fc34f62f76864578add26da1f624ca2a(pd.DataFrame(_arg1))
 return result_schema_output.to_dict(orient='split') if isinstance(result_schema_output, pd.DataFrame) else result_schema_output

2026-05-07,03:25:13 [INFO] (web.py:web:2439): 200 POST /evaluate (127.0.0.1) 4.25ms
2026-05-07,03:25:14 [DEBUG] (base_handler.py:base_handler:115): Checking if need to handle authentication
2026-05-07,03:25:14 [DEBUG] (base_handler.py:base_handler:115): Handling authentication
2026-05-07,03:25:14 [INFO] (base_handler.py:base_handler:115): Authentication is not a required feature for API "v1"
2026-05-07,03:25:14 [DEBUG] (base_handler.py:base_handler:115): Checking request headers for authentication data
2026-05-07,03:25:14 [INFO] (base_handler.py:base_handler:115): Authorization header not found
2026-05-07,03:25:14 [DEBUG] (base_handler.py:base_handler:115): authentication not required, username and password are none
2026-05-07,03:25:14 [DEBUG] (state.py:state:526): Collecting Access-Control-Allow-Origin from state file ...
2026-05-07,03:25:14 [DEBUG] (state.py:state:628): Loading option 'Access-Control-Allow-Origin' from section [Service Info]...
2026-05-07,03:25:14 [DEBUG] (state.py:state:650): Returning value ''
2026-05-07,03:25:14 [DEBUG] (state.py:state:628): Loading option 'Access-Control-Allow-Headers' from section [Service Info]...
2026-05-07,03:25:14 [DEBUG] (state.py:state:650): Returning value ''
2026-05-07,03:25:14 [DEBUG] (state.py:state:628): Loading option 'Access-Control-Allow-Methods' from section [Service Info]...
2026-05-07,03:25:14 [DEBUG] (state.py:state:650): Returning value ''
2026-05-07,03:25:14 [DEBUG] (base_handler.py:base_handler:115): Processing POST request...
2026-05-07,03:25:14 [INFO] (base_handler.py:base_handler:115): function to evaluate=def _user_script(tabpy, _arg1):
 import pandas as pd
 def get_output_schema():
 	return '1796cf30-73d1-41cc-9fbc-2644d426d2e4'
 def prep_string():
 	return ['prep_string_type']
 def prep_bool():
 	return ['prep_bool_type']
 def prep_int():
 	return ['prep_int_type']
 def prep_decimal():
     return ['prep_decimal_type']
 def prep_date():
 	return ['prep_date_type']
 def prep_datetime():
 	return ['prep_datetime_type']
 import pandas as pd
 
 
 def get_output_schema():
     return pd.DataFrame({
         'Employee_ID':                    prep_string(),
         'Employee_Name':                  prep_string(),
         'Department':                     prep_string(),
         'Age':                            prep_int(),
         'Salary':                         prep_int(),
         'Hire_Date':                      prep_string(),
         'City':                           prep_string(),
         'Average_Salary_All_Employees':   prep_decimal(),
         'Oldest_Employee_Name':           prep_string(),
         'Oldest_Employee_Department':     prep_string()
     })
 
 
 def filter_and_enrich(df):
     # Step 1: Compute metrics across ALL employees BEFORE filtering
     avg_salary = df['Salary'].mean()
     oldest_row = df.loc[df['Age'].idxmax()]
     oldest_name = oldest_row['Employee_Name']
     oldest_dept = oldest_row['Department']
 
     # Step 2: Add new columns
     df['Average_Salary_All_Employees'] = avg_salary
     df['Oldest_Employee_Name'] = oldest_name
     df['Oldest_Employee_Department'] = oldest_dept
 
     # Step 3: Filter to IT department only
     it_df = df[df['Department'] == 'IT'].copy()
 
     # Step 4: Force column order explicitly
     it_df = it_df[['Employee_ID', 'Employee_Name', 'Department', 'Age', 'Salary',
                    'Hire_Date', 'City',
                    'Average_Salary_All_Employees',
                    'Oldest_Employee_Name',
                    'Oldest_Employee_Department']]
 
     return it_df
 
 
 # Run it (for testing outside Tableau Prep)
 if __name__ == '__main__':
     df = pd.read_csv('employee_tableau_prep_python_sample.csv')
     result = filter_and_enrich(df)
 
     print("=== IT Department Employees ===")
     print(result[['Employee_Name', 'Department', 'Age', 'Salary',
                   'Average_Salary_All_Employees',
                   'Oldest_Employee_Name',
                   'Oldest_Employee_Department']].to_string(index=False))
 def get_output_schema_fc34f62f76864578add26da1f624ca2a(df = pd.DataFrame()):
     import inspect
     if len(inspect.getfullargspec(get_output_schema).args) == 0:
         return get_output_schema()
     else:
         return get_output_schema(df)
 result_schema_output = get_output_schema_fc34f62f76864578add26da1f624ca2a(pd.DataFrame(_arg1))
 return result_schema_output.to_dict(orient='split') if isinstance(result_schema_output, pd.DataFrame) else result_schema_output

2026-05-07,03:25:14 [DEBUG] (base_handler.py:base_handler:115): Checking if need to handle authentication
2026-05-07,03:25:14 [DEBUG] (base_handler.py:base_handler:115): Handling authentication
2026-05-07,03:25:14 [INFO] (base_handler.py:base_handler:115): Authentication is not a required feature for API "v1"
2026-05-07,03:25:14 [DEBUG] (base_handler.py:base_handler:115): Checking request headers for authentication data
2026-05-07,03:25:14 [INFO] (base_handler.py:base_handler:115): Authorization header not found
2026-05-07,03:25:14 [DEBUG] (base_handler.py:base_handler:115): authentication not required, username and password are none
2026-05-07,03:25:14 [DEBUG] (state.py:state:526): Collecting Access-Control-Allow-Origin from state file ...
2026-05-07,03:25:14 [DEBUG] (state.py:state:628): Loading option 'Access-Control-Allow-Origin' from section [Service Info]...
2026-05-07,03:25:14 [DEBUG] (state.py:state:650): Returning value ''
2026-05-07,03:25:14 [DEBUG] (state.py:state:628): Loading option 'Access-Control-Allow-Headers' from section [Service Info]...
2026-05-07,03:25:14 [DEBUG] (state.py:state:650): Returning value ''
2026-05-07,03:25:14 [DEBUG] (state.py:state:628): Loading option 'Access-Control-Allow-Methods' from section [Service Info]...
2026-05-07,03:25:14 [DEBUG] (state.py:state:650): Returning value ''
2026-05-07,03:25:14 [DEBUG] (base_handler.py:base_handler:115): Processing POST request...
2026-05-07,03:25:14 [INFO] (base_handler.py:base_handler:115): function to evaluate=def _user_script(tabpy, _arg1):
 import pandas as pd
 def get_output_schema():
 	return '1796cf30-73d1-41cc-9fbc-2644d426d2e4'
 def prep_string():
 	return ['prep_string_type']
 def prep_bool():
 	return ['prep_bool_type']
 def prep_int():
 	return ['prep_int_type']
 def prep_decimal():
     return ['prep_decimal_type']
 def prep_date():
 	return ['prep_date_type']
 def prep_datetime():
 	return ['prep_datetime_type']
 import pandas as pd
 
 
 def get_output_schema():
     return pd.DataFrame({
         'Employee_ID':                    prep_string(),
         'Employee_Name':                  prep_string(),
         'Department':                     prep_string(),
         'Age':                            prep_int(),
         'Salary':                         prep_int(),
         'Hire_Date':                      prep_string(),
         'City':                           prep_string(),
         'Average_Salary_All_Employees':   prep_decimal(),
         'Oldest_Employee_Name':           prep_string(),
         'Oldest_Employee_Department':     prep_string()
     })
 
 
 def filter_and_enrich(df):
     # Step 1: Compute metrics across ALL employees BEFORE filtering
     avg_salary = df['Salary'].mean()
     oldest_row = df.loc[df['Age'].idxmax()]
     oldest_name = oldest_row['Employee_Name']
     oldest_dept = oldest_row['Department']
 
     # Step 2: Add new columns
     df['Average_Salary_All_Employees'] = avg_salary
     df['Oldest_Employee_Name'] = oldest_name
     df['Oldest_Employee_Department'] = oldest_dept
 
     # Step 3: Filter to IT department only
     it_df = df[df['Department'] == 'IT'].copy()
 
     # Step 4: Force column order explicitly
     it_df = it_df[['Employee_ID', 'Employee_Name', 'Department', 'Age', 'Salary',
                    'Hire_Date', 'City',
                    'Average_Salary_All_Employees',
                    'Oldest_Employee_Name',
                    'Oldest_Employee_Department']]
 
     return it_df
 
 
 # Run it (for testing outside Tableau Prep)
 if __name__ == '__main__':
     df = pd.read_csv('employee_tableau_prep_python_sample.csv')
     result = filter_and_enrich(df)
 
     print("=== IT Department Employees ===")
     print(result[['Employee_Name', 'Department', 'Age', 'Salary',
                   'Average_Salary_All_Employees',
                   'Oldest_Employee_Name',
                   'Oldest_Employee_Department']].to_string(index=False))
 def get_output_schema_fc34f62f76864578add26da1f624ca2a(df = pd.DataFrame()):
     import inspect
     if len(inspect.getfullargspec(get_output_schema).args) == 0:
         return get_output_schema()
     else:
         return get_output_schema(df)
 result_schema_output = get_output_schema_fc34f62f76864578add26da1f624ca2a(pd.DataFrame(_arg1))
 return result_schema_output.to_dict(orient='split') if isinstance(result_schema_output, pd.DataFrame) else result_schema_output

2026-05-07,03:25:14 [INFO] (web.py:web:2439): 200 POST /evaluate (127.0.0.1) 7.64ms
2026-05-07,03:25:14 [INFO] (web.py:web:2439): 200 POST /evaluate (127.0.0.1) 7.74ms
2026-05-07,03:25:15 [DEBUG] (base_handler.py:base_handler:115): Checking if need to handle authentication
2026-05-07,03:25:15 [DEBUG] (base_handler.py:base_handler:115): Handling authentication
2026-05-07,03:25:15 [INFO] (base_handler.py:base_handler:115): Authentication is not a required feature for API "v1"
2026-05-07,03:25:15 [DEBUG] (base_handler.py:base_handler:115): Checking request headers for authentication data
2026-05-07,03:25:15 [INFO] (base_handler.py:base_handler:115): Authorization header not found
2026-05-07,03:25:15 [DEBUG] (base_handler.py:base_handler:115): authentication not required, username and password are none
2026-05-07,03:25:15 [DEBUG] (state.py:state:526): Collecting Access-Control-Allow-Origin from state file ...
2026-05-07,03:25:15 [DEBUG] (state.py:state:628): Loading option 'Access-Control-Allow-Origin' from section [Service Info]...
2026-05-07,03:25:15 [DEBUG] (state.py:state:650): Returning value ''
2026-05-07,03:25:15 [DEBUG] (state.py:state:628): Loading option 'Access-Control-Allow-Headers' from section [Service Info]...
2026-05-07,03:25:15 [DEBUG] (state.py:state:650): Returning value ''
2026-05-07,03:25:15 [DEBUG] (state.py:state:628): Loading option 'Access-Control-Allow-Methods' from section [Service Info]...
2026-05-07,03:25:15 [DEBUG] (state.py:state:650): Returning value ''
2026-05-07,03:25:15 [DEBUG] (base_handler.py:base_handler:115): Processing POST request...
2026-05-07,03:25:15 [INFO] (base_handler.py:base_handler:115): function to evaluate=def _user_script(tabpy, _arg1):
 import pandas as pd
 def get_output_schema():
 	return '1796cf30-73d1-41cc-9fbc-2644d426d2e4'
 def prep_string():
 	return ['prep_string_type']
 def prep_bool():
 	return ['prep_bool_type']
 def prep_int():
 	return ['prep_int_type']
 def prep_decimal():
     return ['prep_decimal_type']
 def prep_date():
 	return ['prep_date_type']
 def prep_datetime():
 	return ['prep_datetime_type']
 import pandas as pd
 
 
 def get_output_schema():
     return pd.DataFrame({
         'Employee_ID':                    prep_string(),
         'Employee_Name':                  prep_string(),
         'Department':                     prep_string(),
         'Age':                            prep_int(),
         'Salary':                         prep_int(),
         'Hire_Date':                      prep_string(),
         'City':                           prep_string(),
         'Average_Salary_All_Employees':   prep_decimal(),
         'Oldest_Employee_Name':           prep_string(),
         'Oldest_Employee_Department':     prep_string()
     })
 
 
 def filter_and_enrich(df):
     # Step 1: Compute metrics across ALL employees BEFORE filtering
     avg_salary = df['Salary'].mean()
     oldest_row = df.loc[df['Age'].idxmax()]
     oldest_name = oldest_row['Employee_Name']
     oldest_dept = oldest_row['Department']
 
     # Step 2: Add new columns
     df['Average_Salary_All_Employees'] = avg_salary
     df['Oldest_Employee_Name'] = oldest_name
     df['Oldest_Employee_Department'] = oldest_dept
 
     # Step 3: Filter to IT department only
     it_df = df[df['Department'] == 'IT'].copy()
 
     # Step 4: Force column order explicitly
     it_df = it_df[['Employee_ID', 'Employee_Name', 'Department', 'Age', 'Salary',
                    'Hire_Date', 'City',
                    'Average_Salary_All_Employees',
                    'Oldest_Employee_Name',
                    'Oldest_Employee_Department']]
 
     return it_df
 
 
 # Run it (for testing outside Tableau Prep)
 if __name__ == '__main__':
     df = pd.read_csv('employee_tableau_prep_python_sample.csv')
     result = filter_and_enrich(df)
 
     print("=== IT Department Employees ===")
     print(result[['Employee_Name', 'Department', 'Age', 'Salary',
                   'Average_Salary_All_Employees',
                   'Oldest_Employee_Name',
                   'Oldest_Employee_Department']].to_string(index=False))
 def get_output_schema_fc34f62f76864578add26da1f624ca2a(df = pd.DataFrame()):
     import inspect
     if len(inspect.getfullargspec(get_output_schema).args) == 0:
         return get_output_schema()
     else:
         return get_output_schema(df)
 result_schema_output = get_output_schema_fc34f62f76864578add26da1f624ca2a(pd.DataFrame(_arg1))
 return result_schema_output.to_dict(orient='split') if isinstance(result_schema_output, pd.DataFrame) else result_schema_output

2026-05-07,03:25:15 [DEBUG] (base_handler.py:base_handler:115): Checking if need to handle authentication
2026-05-07,03:25:15 [DEBUG] (base_handler.py:base_handler:115): Handling authentication
2026-05-07,03:25:15 [INFO] (base_handler.py:base_handler:115): Authentication is not a required feature for API "v1"
2026-05-07,03:25:15 [DEBUG] (base_handler.py:base_handler:115): Checking request headers for authentication data
2026-05-07,03:25:15 [INFO] (base_handler.py:base_handler:115): Authorization header not found
2026-05-07,03:25:15 [DEBUG] (base_handler.py:base_handler:115): authentication not required, username and password are none
2026-05-07,03:25:15 [DEBUG] (state.py:state:526): Collecting Access-Control-Allow-Origin from state file ...
2026-05-07,03:25:15 [DEBUG] (state.py:state:628): Loading option 'Access-Control-Allow-Origin' from section [Service Info]...
2026-05-07,03:25:15 [DEBUG] (state.py:state:650): Returning value ''
2026-05-07,03:25:15 [DEBUG] (state.py:state:628): Loading option 'Access-Control-Allow-Headers' from section [Service Info]...
2026-05-07,03:25:15 [DEBUG] (state.py:state:650): Returning value ''
2026-05-07,03:25:15 [DEBUG] (state.py:state:628): Loading option 'Access-Control-Allow-Methods' from section [Service Info]...
2026-05-07,03:25:15 [DEBUG] (state.py:state:650): Returning value ''
2026-05-07,03:25:15 [DEBUG] (base_handler.py:base_handler:115): Processing POST request...
2026-05-07,03:25:15 [INFO] (base_handler.py:base_handler:115): function to evaluate=def _user_script(tabpy, _arg1):
 import pandas as pd
 def get_output_schema():
 	return '1796cf30-73d1-41cc-9fbc-2644d426d2e4'
 def prep_string():
 	return ['prep_string_type']
 def prep_bool():
 	return ['prep_bool_type']
 def prep_int():
 	return ['prep_int_type']
 def prep_decimal():
     return ['prep_decimal_type']
 def prep_date():
 	return ['prep_date_type']
 def prep_datetime():
 	return ['prep_datetime_type']
 import pandas as pd
 
 
 def get_output_schema():
     return pd.DataFrame({
         'Employee_ID':                    prep_string(),
         'Employee_Name':                  prep_string(),
         'Department':                     prep_string(),
         'Age':                            prep_int(),
         'Salary':                         prep_int(),
         'Hire_Date':                      prep_string(),
         'City':                           prep_string(),
         'Average_Salary_All_Employees':   prep_decimal(),
         'Oldest_Employee_Name':           prep_string(),
         'Oldest_Employee_Department':     prep_string()
     })
 
 
 def filter_and_enrich(df):
     # Step 1: Compute metrics across ALL employees BEFORE filtering
     avg_salary = df['Salary'].mean()
     oldest_row = df.loc[df['Age'].idxmax()]
     oldest_name = oldest_row['Employee_Name']
     oldest_dept = oldest_row['Department']
 
     # Step 2: Add new columns
     df['Average_Salary_All_Employees'] = avg_salary
     df['Oldest_Employee_Name'] = oldest_name
     df['Oldest_Employee_Department'] = oldest_dept
 
     # Step 3: Filter to IT department only
     it_df = df[df['Department'] == 'IT'].copy()
 
     # Step 4: Force column order explicitly
     it_df = it_df[['Employee_ID', 'Employee_Name', 'Department', 'Age', 'Salary',
                    'Hire_Date', 'City',
                    'Average_Salary_All_Employees',
                    'Oldest_Employee_Name',
                    'Oldest_Employee_Department']]
 
     return it_df
 
 
 # Run it (for testing outside Tableau Prep)
 if __name__ == '__main__':
     df = pd.read_csv('employee_tableau_prep_python_sample.csv')
     result = filter_and_enrich(df)
 
     print("=== IT Department Employees ===")
     print(result[['Employee_Name', 'Department', 'Age', 'Salary',
                   'Average_Salary_All_Employees',
                   'Oldest_Employee_Name',
                   'Oldest_Employee_Department']].to_string(index=False))
 def get_output_schema_fc34f62f76864578add26da1f624ca2a(df = pd.DataFrame()):
     import inspect
     if len(inspect.getfullargspec(get_output_schema).args) == 0:
         return get_output_schema()
     else:
         return get_output_schema(df)
 result_schema_output = get_output_schema_fc34f62f76864578add26da1f624ca2a(pd.DataFrame(_arg1))
 return result_schema_output.to_dict(orient='split') if isinstance(result_schema_output, pd.DataFrame) else result_schema_output

2026-05-07,03:25:15 [INFO] (web.py:web:2439): 200 POST /evaluate (127.0.0.1) 8.17ms
2026-05-07,03:25:15 [INFO] (web.py:web:2439): 200 POST /evaluate (127.0.0.1) 7.99ms
2026-05-07,03:25:15 [DEBUG] (base_handler.py:base_handler:115): Checking if need to handle authentication
2026-05-07,03:25:15 [DEBUG] (base_handler.py:base_handler:115): Handling authentication
2026-05-07,03:25:15 [INFO] (base_handler.py:base_handler:115): Authentication is not a required feature for API "v1"
2026-05-07,03:25:15 [DEBUG] (base_handler.py:base_handler:115): Checking request headers for authentication data
2026-05-07,03:25:15 [INFO] (base_handler.py:base_handler:115): Authorization header not found
2026-05-07,03:25:15 [DEBUG] (base_handler.py:base_handler:115): authentication not required, username and password are none
2026-05-07,03:25:15 [DEBUG] (state.py:state:526): Collecting Access-Control-Allow-Origin from state file ...
2026-05-07,03:25:15 [DEBUG] (state.py:state:628): Loading option 'Access-Control-Allow-Origin' from section [Service Info]...
2026-05-07,03:25:15 [DEBUG] (state.py:state:650): Returning value ''
2026-05-07,03:25:15 [DEBUG] (state.py:state:628): Loading option 'Access-Control-Allow-Headers' from section [Service Info]...
2026-05-07,03:25:15 [DEBUG] (state.py:state:650): Returning value ''
2026-05-07,03:25:15 [DEBUG] (state.py:state:628): Loading option 'Access-Control-Allow-Methods' from section [Service Info]...
2026-05-07,03:25:15 [DEBUG] (state.py:state:650): Returning value ''
2026-05-07,03:25:15 [DEBUG] (base_handler.py:base_handler:115): Processing POST request...
2026-05-07,03:25:15 [INFO] (base_handler.py:base_handler:115): function to evaluate=def _user_script(tabpy, _arg1):
 import pandas as pd
 def get_output_schema():
 	return '1796cf30-73d1-41cc-9fbc-2644d426d2e4'
 def prep_string():
 	return ['prep_string_type']
 def prep_bool():
 	return ['prep_bool_type']
 def prep_int():
 	return ['prep_int_type']
 def prep_decimal():
     return ['prep_decimal_type']
 def prep_date():
 	return ['prep_date_type']
 def prep_datetime():
 	return ['prep_datetime_type']
 import pandas as pd
 
 
 def get_output_schema():
     return pd.DataFrame({
         'Employee_ID':                    prep_string(),
         'Employee_Name':                  prep_string(),
         'Department':                     prep_string(),
         'Age':                            prep_int(),
         'Salary':                         prep_int(),
         'Hire_Date':                      prep_string(),
         'City':                           prep_string(),
         'Average_Salary_All_Employees':   prep_decimal(),
         'Oldest_Employee_Name':           prep_string(),
         'Oldest_Employee_Department':     prep_string()
     })
 
 
 def filter_and_enrich(df):
     # Step 1: Compute metrics across ALL employees BEFORE filtering
     avg_salary = df['Salary'].mean()
     oldest_row = df.loc[df['Age'].idxmax()]
     oldest_name = oldest_row['Employee_Name']
     oldest_dept = oldest_row['Department']
 
     # Step 2: Add new columns
     df['Average_Salary_All_Employees'] = avg_salary
     df['Oldest_Employee_Name'] = oldest_name
     df['Oldest_Employee_Department'] = oldest_dept
 
     # Step 3: Filter to IT department only
     it_df = df[df['Department'] == 'IT'].copy()
 
     # Step 4: Force column order explicitly
     it_df = it_df[['Employee_ID', 'Employee_Name', 'Department', 'Age', 'Salary',
                    'Hire_Date', 'City',
                    'Average_Salary_All_Employees',
                    'Oldest_Employee_Name',
                    'Oldest_Employee_Department']]
 
     return it_df
 
 
 # Run it (for testing outside Tableau Prep)
 if __name__ == '__main__':
     df = pd.read_csv('employee_tableau_prep_python_sample.csv')
     result = filter_and_enrich(df)
 
     print("=== IT Department Employees ===")
     print(result[['Employee_Name', 'Department', 'Age', 'Salary',
                   'Average_Salary_All_Employees',
                   'Oldest_Employee_Name',
                   'Oldest_Employee_Department']].to_string(index=False))
 def get_output_schema_fc34f62f76864578add26da1f624ca2a(df = pd.DataFrame()):
     import inspect
     if len(inspect.getfullargspec(get_output_schema).args) == 0:
         return get_output_schema()
     else:
         return get_output_schema(df)
 result_schema_output = get_output_schema_fc34f62f76864578add26da1f624ca2a(pd.DataFrame(_arg1))
 return result_schema_output.to_dict(orient='split') if isinstance(result_schema_output, pd.DataFrame) else result_schema_output

2026-05-07,03:25:15 [INFO] (web.py:web:2439): 200 POST /evaluate (127.0.0.1) 4.72ms
2026-05-07,03:25:15 [DEBUG] (base_handler.py:base_handler:115): Checking if need to handle authentication
2026-05-07,03:25:15 [DEBUG] (base_handler.py:base_handler:115): Handling authentication
2026-05-07,03:25:15 [INFO] (base_handler.py:base_handler:115): Authentication is not a required feature for API "v1"
2026-05-07,03:25:15 [DEBUG] (base_handler.py:base_handler:115): Checking request headers for authentication data
2026-05-07,03:25:15 [INFO] (base_handler.py:base_handler:115): Authorization header not found
2026-05-07,03:25:15 [DEBUG] (base_handler.py:base_handler:115): authentication not required, username and password are none
2026-05-07,03:25:15 [DEBUG] (state.py:state:526): Collecting Access-Control-Allow-Origin from state file ...
2026-05-07,03:25:15 [DEBUG] (state.py:state:628): Loading option 'Access-Control-Allow-Origin' from section [Service Info]...
2026-05-07,03:25:15 [DEBUG] (state.py:state:650): Returning value ''
2026-05-07,03:25:15 [DEBUG] (state.py:state:628): Loading option 'Access-Control-Allow-Headers' from section [Service Info]...
2026-05-07,03:25:15 [DEBUG] (state.py:state:650): Returning value ''
2026-05-07,03:25:15 [DEBUG] (state.py:state:628): Loading option 'Access-Control-Allow-Methods' from section [Service Info]...
2026-05-07,03:25:15 [DEBUG] (state.py:state:650): Returning value ''
2026-05-07,03:25:15 [DEBUG] (base_handler.py:base_handler:115): Processing POST request...
2026-05-07,03:25:15 [INFO] (base_handler.py:base_handler:115): function to evaluate=def _user_script(tabpy, _arg1):
 import pandas as pd
 def get_output_schema():
 	return '1796cf30-73d1-41cc-9fbc-2644d426d2e4'
 def prep_string():
 	return ['prep_string_type']
 def prep_bool():
 	return ['prep_bool_type']
 def prep_int():
 	return ['prep_int_type']
 def prep_decimal():
     return ['prep_decimal_type']
 def prep_date():
 	return ['prep_date_type']
 def prep_datetime():
 	return ['prep_datetime_type']
 import pandas as pd
 
 
 def get_output_schema():
     return pd.DataFrame({
         'Employee_ID':                    prep_string(),
         'Employee_Name':                  prep_string(),
         'Department':                     prep_string(),
         'Age':                            prep_int(),
         'Salary':                         prep_int(),
         'Hire_Date':                      prep_string(),
         'City':                           prep_string(),
         'Average_Salary_All_Employees':   prep_decimal(),
         'Oldest_Employee_Name':           prep_string(),
         'Oldest_Employee_Department':     prep_string()
     })
 
 
 def filter_and_enrich(df):
     # Step 1: Compute metrics across ALL employees BEFORE filtering
     avg_salary = df['Salary'].mean()
     oldest_row = df.loc[df['Age'].idxmax()]
     oldest_name = oldest_row['Employee_Name']
     oldest_dept = oldest_row['Department']
 
     # Step 2: Add new columns
     df['Average_Salary_All_Employees'] = avg_salary
     df['Oldest_Employee_Name'] = oldest_name
     df['Oldest_Employee_Department'] = oldest_dept
 
     # Step 3: Filter to IT department only
     it_df = df[df['Department'] == 'IT'].copy()
 
     # Step 4: Force column order explicitly
     it_df = it_df[['Employee_ID', 'Employee_Name', 'Department', 'Age', 'Salary',
                    'Hire_Date', 'City',
                    'Average_Salary_All_Employees',
                    'Oldest_Employee_Name',
                    'Oldest_Employee_Department']]
 
     return it_df
 
 
 # Run it (for testing outside Tableau Prep)
 if __name__ == '__main__':
     df = pd.read_csv('employee_tableau_prep_python_sample.csv')
     result = filter_and_enrich(df)
 
     print("=== IT Department Employees ===")
     print(result[['Employee_Name', 'Department', 'Age', 'Salary',
                   'Average_Salary_All_Employees',
                   'Oldest_Employee_Name',
                   'Oldest_Employee_Department']].to_string(index=False))
 def get_output_schema_fc34f62f76864578add26da1f624ca2a(df = pd.DataFrame()):
     import inspect
     if len(inspect.getfullargspec(get_output_schema).args) == 0:
         return get_output_schema()
     else:
         return get_output_schema(df)
 result_schema_output = get_output_schema_fc34f62f76864578add26da1f624ca2a(pd.DataFrame(_arg1))
 return result_schema_output.to_dict(orient='split') if isinstance(result_schema_output, pd.DataFrame) else result_schema_output

2026-05-07,03:25:15 [INFO] (web.py:web:2439): 200 POST /evaluate (127.0.0.1) 5.07ms
2026-05-07,03:26:16 [DEBUG] (base_handler.py:base_handler:115): Checking if need to handle authentication
2026-05-07,03:26:16 [DEBUG] (base_handler.py:base_handler:115): Handling authentication
2026-05-07,03:26:16 [INFO] (base_handler.py:base_handler:115): Authentication is not a required feature for API "v1"
2026-05-07,03:26:16 [DEBUG] (base_handler.py:base_handler:115): Checking request headers for authentication data
2026-05-07,03:26:16 [INFO] (base_handler.py:base_handler:115): Authorization header not found
2026-05-07,03:26:16 [DEBUG] (base_handler.py:base_handler:115): authentication not required, username and password are none
2026-05-07,03:26:16 [DEBUG] (state.py:state:526): Collecting Access-Control-Allow-Origin from state file ...
2026-05-07,03:26:16 [DEBUG] (state.py:state:628): Loading option 'Access-Control-Allow-Origin' from section [Service Info]...
2026-05-07,03:26:16 [DEBUG] (state.py:state:650): Returning value ''
2026-05-07,03:26:16 [DEBUG] (state.py:state:628): Loading option 'Access-Control-Allow-Headers' from section [Service Info]...
2026-05-07,03:26:16 [DEBUG] (state.py:state:650): Returning value ''
2026-05-07,03:26:16 [DEBUG] (state.py:state:628): Loading option 'Access-Control-Allow-Methods' from section [Service Info]...
2026-05-07,03:26:16 [DEBUG] (state.py:state:650): Returning value ''
2026-05-07,03:26:16 [DEBUG] (base_handler.py:base_handler:115): Processing POST request...
2026-05-07,03:26:16 [INFO] (base_handler.py:base_handler:115): function to evaluate=def _user_script(tabpy, _arg1):
 import pandas as pd
 def get_output_schema():
 	return '1796cf30-73d1-41cc-9fbc-2644d426d2e4'
 def prep_string():
 	return ['prep_string_type']
 def prep_bool():
 	return ['prep_bool_type']
 def prep_int():
 	return ['prep_int_type']
 def prep_decimal():
     return ['prep_decimal_type']
 def prep_date():
 	return ['prep_date_type']
 def prep_datetime():
 	return ['prep_datetime_type']
 import pandas as pd
 
 
 def get_output_schema():
     return pd.DataFrame({
         'Employee_ID':                    prep_string(),
         'Employee_Name':                  prep_string(),
         'Department':                     prep_string(),
         'Age':                            prep_int(),
         'Salary':                         prep_int(),
         'Hire_Date':                      prep_string(),
         'City':                           prep_string(),
         'Average_Salary_All_Employees':   prep_decimal(),
         'Oldest_Employee_Name':           prep_string(),
         'Oldest_Employee_Department':     prep_string()
     })
 
 
 def filter_and_enrich(df):
     # Step 1: Compute metrics across ALL employees BEFORE filtering
     avg_salary = df['Salary'].mean()
     oldest_row = df.loc[df['Age'].idxmax()]
     oldest_name = oldest_row['Employee_Name']
     oldest_dept = oldest_row['Department']
 
     # Step 2: Add new columns
     df['Average_Salary_All_Employees'] = avg_salary
     df['Oldest_Employee_Name'] = oldest_name
     df['Oldest_Employee_Department'] = oldest_dept
 
     # Step 3: Filter to IT department only
     it_df = df[df['Department'] == 'IT'].copy()
 
     # Step 4: Force column order explicitly
     it_df = it_df[['Employee_ID', 'Employee_Name', 'Department', 'Age', 'Salary',
                    'Hire_Date', 'City',
                    'Average_Salary_All_Employees',
                    'Oldest_Employee_Name',
                    'Oldest_Employee_Department']]
 
     return it_df
 
 
 # Run it (for testing outside Tableau Prep)
 if __name__ == '__main__':
     df = pd.read_csv('employee_tableau_prep_python_sample.csv')
     result = filter_and_enrich(df)
 
     print("=== IT Department Employees ===")
     print(result[['Employee_Name', 'Department', 'Age', 'Salary',
                   'Average_Salary_All_Employees',
                   'Oldest_Employee_Name',
                   'Oldest_Employee_Department']].to_string(index=False))
 def get_output_schema_fc34f62f76864578add26da1f624ca2a(df = pd.DataFrame()):
     import inspect
     if len(inspect.getfullargspec(get_output_schema).args) == 0:
         return get_output_schema()
     else:
         return get_output_schema(df)
 result_schema_output = get_output_schema_fc34f62f76864578add26da1f624ca2a(pd.DataFrame(_arg1))
 return result_schema_output.to_dict(orient='split') if isinstance(result_schema_output, pd.DataFrame) else result_schema_output

2026-05-07,03:26:16 [INFO] (web.py:web:2439): 200 POST /evaluate (127.0.0.1) 5.35ms
2026-05-07,03:26:16 [DEBUG] (base_handler.py:base_handler:115): Checking if need to handle authentication
2026-05-07,03:26:16 [DEBUG] (base_handler.py:base_handler:115): Handling authentication
2026-05-07,03:26:16 [INFO] (base_handler.py:base_handler:115): Authentication is not a required feature for API "v1"
2026-05-07,03:26:16 [DEBUG] (base_handler.py:base_handler:115): Checking request headers for authentication data
2026-05-07,03:26:16 [INFO] (base_handler.py:base_handler:115): Authorization header not found
2026-05-07,03:26:16 [DEBUG] (base_handler.py:base_handler:115): authentication not required, username and password are none
2026-05-07,03:26:16 [DEBUG] (state.py:state:526): Collecting Access-Control-Allow-Origin from state file ...
2026-05-07,03:26:16 [DEBUG] (state.py:state:628): Loading option 'Access-Control-Allow-Origin' from section [Service Info]...
2026-05-07,03:26:16 [DEBUG] (state.py:state:650): Returning value ''
2026-05-07,03:26:16 [DEBUG] (state.py:state:628): Loading option 'Access-Control-Allow-Headers' from section [Service Info]...
2026-05-07,03:26:16 [DEBUG] (state.py:state:650): Returning value ''
2026-05-07,03:26:16 [DEBUG] (state.py:state:628): Loading option 'Access-Control-Allow-Methods' from section [Service Info]...
2026-05-07,03:26:16 [DEBUG] (state.py:state:650): Returning value ''
2026-05-07,03:26:16 [DEBUG] (base_handler.py:base_handler:115): Processing POST request...
2026-05-07,03:26:16 [INFO] (base_handler.py:base_handler:115): function to evaluate=def _user_script(tabpy, _arg1):
 import pandas as pd
 def get_output_schema():
 	return '1796cf30-73d1-41cc-9fbc-2644d426d2e4'
 def prep_string():
 	return ['prep_string_type']
 def prep_bool():
 	return ['prep_bool_type']
 def prep_int():
 	return ['prep_int_type']
 def prep_decimal():
     return ['prep_decimal_type']
 def prep_date():
 	return ['prep_date_type']
 def prep_datetime():
 	return ['prep_datetime_type']
 import pandas as pd
 
 
 def get_output_schema():
     return pd.DataFrame({
         'Employee_ID':                    prep_string(),
         'Employee_Name':                  prep_string(),
         'Department':                     prep_string(),
         'Age':                            prep_int(),
         'Salary':                         prep_int(),
         'Hire_Date':                      prep_string(),
         'City':                           prep_string(),
         'Average_Salary_All_Employees':   prep_decimal(),
         'Oldest_Employee_Name':           prep_string(),
         'Oldest_Employee_Department':     prep_string()
     })
 
 
 def filter_and_enrich(df):
     # Step 1: Compute metrics across ALL employees BEFORE filtering
     avg_salary = df['Salary'].mean()
     oldest_row = df.loc[df['Age'].idxmax()]
     oldest_name = oldest_row['Employee_Name']
     oldest_dept = oldest_row['Department']
 
     # Step 2: Add new columns
     df['Average_Salary_All_Employees'] = avg_salary
     df['Oldest_Employee_Name'] = oldest_name
     df['Oldest_Employee_Department'] = oldest_dept
 
     # Step 3: Filter to IT department only
     it_df = df[df['Department'] == 'IT'].copy()
 
     # Step 4: Force column order explicitly
     it_df = it_df[['Employee_ID', 'Employee_Name', 'Department', 'Age', 'Salary',
                    'Hire_Date', 'City',
                    'Average_Salary_All_Employees',
                    'Oldest_Employee_Name',
                    'Oldest_Employee_Department']]
 
     return it_df
 
 
 # Run it (for testing outside Tableau Prep)
 if __name__ == '__main__':
     df = pd.read_csv('employee_tableau_prep_python_sample.csv')
     result = filter_and_enrich(df)
 
     print("=== IT Department Employees ===")
     print(result[['Employee_Name', 'Department', 'Age', 'Salary',
                   'Average_Salary_All_Employees',
                   'Oldest_Employee_Name',
                   'Oldest_Employee_Department']].to_string(index=False))
 def get_output_schema_fc34f62f76864578add26da1f624ca2a(df = pd.DataFrame()):
     import inspect
     if len(inspect.getfullargspec(get_output_schema).args) == 0:
         return get_output_schema()
     else:
         return get_output_schema(df)
 result_schema_output = get_output_schema_fc34f62f76864578add26da1f624ca2a(pd.DataFrame(_arg1))
 return result_schema_output.to_dict(orient='split') if isinstance(result_schema_output, pd.DataFrame) else result_schema_output

2026-05-07,03:26:16 [DEBUG] (base_handler.py:base_handler:115): Checking if need to handle authentication
2026-05-07,03:26:16 [DEBUG] (base_handler.py:base_handler:115): Handling authentication
2026-05-07,03:26:16 [INFO] (base_handler.py:base_handler:115): Authentication is not a required feature for API "v1"
2026-05-07,03:26:16 [DEBUG] (base_handler.py:base_handler:115): Checking request headers for authentication data
2026-05-07,03:26:16 [INFO] (base_handler.py:base_handler:115): Authorization header not found
2026-05-07,03:26:16 [DEBUG] (base_handler.py:base_handler:115): authentication not required, username and password are none
2026-05-07,03:26:16 [DEBUG] (state.py:state:526): Collecting Access-Control-Allow-Origin from state file ...
2026-05-07,03:26:16 [DEBUG] (state.py:state:628): Loading option 'Access-Control-Allow-Origin' from section [Service Info]...
2026-05-07,03:26:16 [DEBUG] (state.py:state:650): Returning value ''
2026-05-07,03:26:16 [DEBUG] (state.py:state:628): Loading option 'Access-Control-Allow-Headers' from section [Service Info]...
2026-05-07,03:26:16 [DEBUG] (state.py:state:650): Returning value ''
2026-05-07,03:26:16 [DEBUG] (state.py:state:628): Loading option 'Access-Control-Allow-Methods' from section [Service Info]...
2026-05-07,03:26:16 [DEBUG] (state.py:state:650): Returning value ''
2026-05-07,03:26:16 [DEBUG] (base_handler.py:base_handler:115): Processing POST request...
2026-05-07,03:26:16 [INFO] (base_handler.py:base_handler:115): function to evaluate=def _user_script(tabpy, _arg1):
 import pandas as pd
 def get_output_schema():
 	return '1796cf30-73d1-41cc-9fbc-2644d426d2e4'
 def prep_string():
 	return ['prep_string_type']
 def prep_bool():
 	return ['prep_bool_type']
 def prep_int():
 	return ['prep_int_type']
 def prep_decimal():
     return ['prep_decimal_type']
 def prep_date():
 	return ['prep_date_type']
 def prep_datetime():
 	return ['prep_datetime_type']
 import pandas as pd
 
 
 def get_output_schema():
     return pd.DataFrame({
         'Employee_ID':                    prep_string(),
         'Employee_Name':                  prep_string(),
         'Department':                     prep_string(),
         'Age':                            prep_int(),
         'Salary':                         prep_int(),
         'Hire_Date':                      prep_string(),
         'City':                           prep_string(),
         'Average_Salary_All_Employees':   prep_decimal(),
         'Oldest_Employee_Name':           prep_string(),
         'Oldest_Employee_Department':     prep_string()
     })
 
 
 def filter_and_enrich(df):
     # Step 1: Compute metrics across ALL employees BEFORE filtering
     avg_salary = df['Salary'].mean()
     oldest_row = df.loc[df['Age'].idxmax()]
     oldest_name = oldest_row['Employee_Name']
     oldest_dept = oldest_row['Department']
 
     # Step 2: Add new columns
     df['Average_Salary_All_Employees'] = avg_salary
     df['Oldest_Employee_Name'] = oldest_name
     df['Oldest_Employee_Department'] = oldest_dept
 
     # Step 3: Filter to IT department only
     it_df = df[df['Department'] == 'IT'].copy()
 
     # Step 4: Force column order explicitly
     it_df = it_df[['Employee_ID', 'Employee_Name', 'Department', 'Age', 'Salary',
                    'Hire_Date', 'City',
                    'Average_Salary_All_Employees',
                    'Oldest_Employee_Name',
                    'Oldest_Employee_Department']]
 
     return it_df
 
 
 # Run it (for testing outside Tableau Prep)
 if __name__ == '__main__':
     df = pd.read_csv('employee_tableau_prep_python_sample.csv')
     result = filter_and_enrich(df)
 
     print("=== IT Department Employees ===")
     print(result[['Employee_Name', 'Department', 'Age', 'Salary',
                   'Average_Salary_All_Employees',
                   'Oldest_Employee_Name',
                   'Oldest_Employee_Department']].to_string(index=False))
 def get_output_schema_fc34f62f76864578add26da1f624ca2a(df = pd.DataFrame()):
     import inspect
     if len(inspect.getfullargspec(get_output_schema).args) == 0:
         return get_output_schema()
     else:
         return get_output_schema(df)
 result_schema_output = get_output_schema_fc34f62f76864578add26da1f624ca2a(pd.DataFrame(_arg1))
 return result_schema_output.to_dict(orient='split') if isinstance(result_schema_output, pd.DataFrame) else result_schema_output

2026-05-07,03:26:16 [INFO] (web.py:web:2439): 200 POST /evaluate (127.0.0.1) 11.95ms
2026-05-07,03:26:16 [INFO] (web.py:web:2439): 200 POST /evaluate (127.0.0.1) 8.29ms
2026-05-07,03:26:16 [DEBUG] (base_handler.py:base_handler:115): Checking if need to handle authentication
2026-05-07,03:26:16 [DEBUG] (base_handler.py:base_handler:115): Handling authentication
2026-05-07,03:26:16 [INFO] (base_handler.py:base_handler:115): Authentication is not a required feature for API "v1"
2026-05-07,03:26:16 [DEBUG] (base_handler.py:base_handler:115): Checking request headers for authentication data
2026-05-07,03:26:16 [INFO] (base_handler.py:base_handler:115): Authorization header not found
2026-05-07,03:26:16 [DEBUG] (base_handler.py:base_handler:115): authentication not required, username and password are none
2026-05-07,03:26:16 [DEBUG] (state.py:state:526): Collecting Access-Control-Allow-Origin from state file ...
2026-05-07,03:26:16 [DEBUG] (state.py:state:628): Loading option 'Access-Control-Allow-Origin' from section [Service Info]...
2026-05-07,03:26:16 [DEBUG] (state.py:state:650): Returning value ''
2026-05-07,03:26:16 [DEBUG] (state.py:state:628): Loading option 'Access-Control-Allow-Headers' from section [Service Info]...
2026-05-07,03:26:16 [DEBUG] (state.py:state:650): Returning value ''
2026-05-07,03:26:16 [DEBUG] (state.py:state:628): Loading option 'Access-Control-Allow-Methods' from section [Service Info]...
2026-05-07,03:26:16 [DEBUG] (state.py:state:650): Returning value ''
2026-05-07,03:26:16 [DEBUG] (base_handler.py:base_handler:115): Processing POST request...
2026-05-07,03:26:16 [INFO] (base_handler.py:base_handler:115): function to evaluate=def _user_script(tabpy, _arg1):
 import pandas as pd
 def get_output_schema():
 	return '1796cf30-73d1-41cc-9fbc-2644d426d2e4'
 def prep_string():
 	return ['prep_string_type']
 def prep_bool():
 	return ['prep_bool_type']
 def prep_int():
 	return ['prep_int_type']
 def prep_decimal():
     return ['prep_decimal_type']
 def prep_date():
 	return ['prep_date_type']
 def prep_datetime():
 	return ['prep_datetime_type']
 import pandas as pd
 
 
 def get_output_schema():
     return pd.DataFrame({
         'Employee_ID':                    prep_string(),
         'Employee_Name':                  prep_string(),
         'Department':                     prep_string(),
         'Age':                            prep_int(),
         'Salary':                         prep_int(),
         'Hire_Date':                      prep_string(),
         'City':                           prep_string(),
         'Average_Salary_All_Employees':   prep_decimal(),
         'Oldest_Employee_Name':           prep_string(),
         'Oldest_Employee_Department':     prep_string()
     })
 
 
 def filter_and_enrich(df):
     # Step 1: Compute metrics across ALL employees BEFORE filtering
     avg_salary = df['Salary'].mean()
     oldest_row = df.loc[df['Age'].idxmax()]
     oldest_name = oldest_row['Employee_Name']
     oldest_dept = oldest_row['Department']
 
     # Step 2: Add new columns
     df['Average_Salary_All_Employees'] = avg_salary
     df['Oldest_Employee_Name'] = oldest_name
     df['Oldest_Employee_Department'] = oldest_dept
 
     # Step 3: Filter to IT department only
     it_df = df[df['Department'] == 'IT'].copy()
 
     # Step 4: Force column order explicitly
     it_df = it_df[['Employee_ID', 'Employee_Name', 'Department', 'Age', 'Salary',
                    'Hire_Date', 'City',
                    'Average_Salary_All_Employees',
                    'Oldest_Employee_Name',
                    'Oldest_Employee_Department']]
 
     return it_df
 
 
 # Run it (for testing outside Tableau Prep)
 if __name__ == '__main__':
     df = pd.read_csv('employee_tableau_prep_python_sample.csv')
     result = filter_and_enrich(df)
 
     print("=== IT Department Employees ===")
     print(result[['Employee_Name', 'Department', 'Age', 'Salary',
                   'Average_Salary_All_Employees',
                   'Oldest_Employee_Name',
                   'Oldest_Employee_Department']].to_string(index=False))
 def get_output_schema_fc34f62f76864578add26da1f624ca2a(df = pd.DataFrame()):
     import inspect
     if len(inspect.getfullargspec(get_output_schema).args) == 0:
         return get_output_schema()
     else:
         return get_output_schema(df)
 result_schema_output = get_output_schema_fc34f62f76864578add26da1f624ca2a(pd.DataFrame(_arg1))
 return result_schema_output.to_dict(orient='split') if isinstance(result_schema_output, pd.DataFrame) else result_schema_output

2026-05-07,03:26:17 [INFO] (web.py:web:2439): 200 POST /evaluate (127.0.0.1) 6.95ms
2026-05-07,03:26:27 [CRITICAL] (app.py:app:189): Exiting on signal 2...
2026-05-07,03:26:27 [INFO] (app.py:app:195): Shutting down TabPy...
2026-05-07,03:26:27 [INFO] (app.py:app:195): Shutting down TabPy...
